Zone,Category,Offers,Price_m2_med,Price_m2_mean,Price_med,Price_mean,Rooms_med,Diff,Zone_Level,Year,Month,Week,Zone_Catg,Inputs,Outputs,Keep,Inputs_pct,Outputs_pct,Keep_pct,Price_Up,Price_Down,Price_Keep
San Cristobal,Fl65Ex1b,18,1338,1359,89450,88418,3.00,0.00,neighborhood,2021,M01,W01,,,,,,,,,,
San Diego,Fl55Ex1b,14,1675,1667,90000,91917,2.00,0.00,neighborhood,2021,M01,W01,,,,,,,,,,
San Cristobal,Fl55Ex1b,12,1293,1371,77630,80769,2.50,0.00,neighborhood,2021,M01,W01,,,,,,,,,,
Entrevias,Fl65Ex1b,10,1396,1385,94000,92115,3.00,0.00,neighborhood,2021,M01,W01,,,,,,,,,,
Amposta,Fl55Ex1b,7,1816,1725,95000,93542,2.00,0.00,neighborhood,2021,M01,W01,,,,,,,,,,
San Diego,Fl45Ex1b,7,1854,1884,89000,86700,2.00,0.00,neighborhood,2021,M01,W01,,,,,,,,,,
San Andres,Fl55Ex1b,7,1433,1453,84990,85255,2.00,0.00,neighborhood,2021,M01,W01,,,,,,,,,,
San Cristobal,Fl75Ex1b,6,1201,1157,90075,86340,3.00,0.00,neighborhood,2021,M01,W01,,,,,,,,,,
San Cristobal,Fl65Ex1bLf,6,1334,1317,89950,89760,3.00,0.00,neighborhood,2021,M01,W01,,,,,,,,,,
San Andres,Fl65Ex1b,6,1412,1385,97000,92566,3.00,0.00,neighborhood,2021,M01,W01,,,,,,,,,,
San Andres,Fl55Ex1bBj,6,1518,1506,86500,87500,2.00,0.00,neighborhood,2021,M01,W01,,,,,,,,,,
Amposta,Fl45Ex1b,6,1834,1810,87000,88333,2.00,0.00,neighborhood,2021,M01,W01,,,,,,,,,,
Hellin,Fl45Ex1b,5,2063,2039,99000,98200,2.00,0.00,neighborhood,2021,M01,W01,,,,,,,,,,
Entrevias,Fl75Ex1b,5,1306,1275,94000,95100,3.00,0.00,neighborhood,2021,M01,W01,,,,,,,,,,
Casco Historico de Vallecas,Fl55Ex1b,5,1667,1679,99000,95300,2.00,0.00,neighborhood,2021,M01,W01,,,,,,,,,,
Vista Alegre,Fl55Ex1b,5,1778,1752,96000,96600,1.00,0.00,neighborhood,2021,M01,W01,,,,,,,,,,
Ensanche de Vallecas - La Gavia,Fl45Ex1bLf,5,1920,1947,96000,95400,1.00,0.00,neighborhood,2021,M01,W01,,,,,,,,,,
San Andres,Fl75In1b,5,1253,1258,95000,95800,3.00,0.00,neighborhood,2021,M01,W01,,,,,,,,,,
Entrevias,Fl55Ex1b,4,1562,1553,89000,90500,2.00,0.00,neighborhood,2021,M01,W01,,,,,,,,,,
Portazgo,Fl45Ex1bBj,4,1920,1808,96000,89374,2.00,0.00,neighborhood,2021,M01,W01,,,,,,,,,,
Arcos,Fl55Ex1b,4,1664,1706,96000,95125,3.00,0.00,neighborhood,2021,M01,W01,,,,,,,,,,
Los Rosales,Fl55Ex1b,4,1823,1774,95630,96315,2.00,0.00,neighborhood,2021,M01,W01,,,,,,,,,,
San Cristobal,Fl55In1b,4,1388,1388,81250,81250,3.00,0.00,neighborhood,2021,M01,W01,,,,,,,,,,
San Diego,Fl45In1b,4,1743,1711,76750,80349,1.50,0.00,neighborhood,2021,M01,W01,,,,,,,,,,
Casco Historico de Vallecas,Fl65Ex1b,3,1581,1492,98000,95933,3.00,0.00,neighborhood,2021,M01,W01,,,,,,,,,,
Hellin,Fl55Ex1b,3,1737,1754,99000,97666,2.00,0.00,neighborhood,2021,M01,W01,,,,,,,,,,
Lavapies-Embajadores,Fl15In1b,3,5333,5205,96000,96999,0.00,0.00,neighborhood,2021,M01,W01,,,,,,,,,,
Casco Historico de Vallecas,Fl45Ex1bBj,3,1979,1886,95000,91666,2.00,0.00,neighborhood,2021,M01,W01,,,,,,,,,,
Los Angeles,Fl55Ex1b,3,1491,1486,85000,83300,2.00,0.00,neighborhood,2021,M01,W01,,,,,,,,,,
12 de Octubre-Orcasur,Fl45Ex1b,3,2143,2143,90000,90000,1.00,0.00,neighborhood,2021,M01,W01,,,,,,,,,,
Numancia,Fl35Ex1b,3,2150,2298,86000,83333,1.00,0.00,neighborhood,2021,M01,W01,,,,,,,,,,
Numancia,Fl35Ex1bBj,3,2475,2413,91500,90166,1.00,0.00,neighborhood,2021,M01,W01,,,,,,,,,,
Numancia,Fl55Ex1b,3,1633,1633,98000,98000,3.00,0.00,neighborhood,2021,M01,W01,,,,,,,,,,
Numancia,Fl65In1b,3,1460,1501,93000,95000,2.00,0.00,neighborhood,2021,M01,W01,,,,,,,,,,
Palomeras Bajas,Fl45Ex1b,3,1876,1871,91900,92933,2.00,0.00,neighborhood,2021,M01,W01,,,,,,,,,,
Palomeras sureste,Fl55Ex1b,3,1652,1664,92500,94133,2.00,0.00,neighborhood,2021,M01,W01,,,,,,,,,,
Berruguete,Fl25In1bBj,3,3145,3300,91200,92900,1.00,0.00,neighborhood,2021,M01,W01,,,,,,,,,,
Puerta del Angel,Fl35In1b,3,3078,3122,98500,98833,2.00,0.00,neighborhood,2021,M01,W01,,,,,,,,,,
San Andres,Fl45Ex1b,3,1760,1801,88000,83500,1.00,0.00,neighborhood,2021,M01,W01,,,,,,,,,,
San Andres,Fl65Ex1bBj,3,1354,1357,88000,88733,2.00,0.00,neighborhood,2021,M01,W01,,,,,,,,,,
San Andres,Fl75Ex1b,3,1267,1275,95000,95666,3.00,0.00,neighborhood,2021,M01,W01,,,,,,,,,,
San Diego,Fl45Ex1bLf,3,2130,1889,98000,88333,1.00,0.00,neighborhood,2021,M01,W01,,,,,,,,,,
San Diego,Fl75Ex1b,3,1238,1209,99000,94833,2.00,0.00,neighborhood,2021,M01,W01,,,,,,,,,,
Vista Alegre,Fl55In1b,3,1510,1565,85900,88303,2.00,0.00,neighborhood,2021,M01,W01,,,,,,,,,,
Casco Historico de Vallecas,Fl45Ex1b,3,1900,1925,95000,95633,2.00,0.00,neighborhood,2021,M01,W01,,,,,,,,,,
Palomeras Bajas,Fl55Ex1b,3,1583,1614,95000,94000,2.00,0.00,neighborhood,2021,M01,W01,,,,,,,,,,
Abrantes,Fl45Ex1b,3,2222,2231,100000,99666,1.00,0.00,neighborhood,2021,M01,W01,,,,,,,,,,
Bellas Vistas,Fl25In1bBj,3,3333,3644,98000,95333,2.00,0.00,neighborhood,2021,M01,W01,,,,,,,,,,
Amposta,Fl45Ex1bBj,3,2000,1997,94000,94300,2.00,0.00,neighborhood,2021,M01,W01,,,,,,,,,,
Palomeras sureste,Fl55In1b,2,1561,1561,88200,88200,2.00,0.00,neighborhood,2021,M01,W01,,,,,,,,,,
Simancas,Fl45Ex1bLfBj,2,2189,2189,94175,94175,1.50,0.00,neighborhood,2021,M01,W01,,,,,,,,,,
San Andres,Fl55Ex1bLf,2,1623,1623,97400,97400,2.00,0.00,neighborhood,2021,M01,W01,,,,,,,,,,
San Andres,Fl55In1bBj,2,1585,1585,88000,88000,2.00,0.00,neighborhood,2021,M01,W01,,,,,,,,,,
Entrevias,Fl85Ex2b,2,1113,1113,93520,93520,3.00,0.00,neighborhood,2021,M01,W01,,,,,,,,,,
Hellin,Fl45In1b,2,1990,1990,96500,96500,2.00,0.00,neighborhood,2021,M01,W01,,,,,,,,,,
San Isidro,Fl35Ex1bBj,2,2046,2046,77500,77500,1.00,0.00,neighborhood,2021,M01,W01,,,,,,,,,,
San Andres,Fl65In1b,2,1317,1317,85909,85909,2.50,0.00,neighborhood,2021,M01,W01,,,,,,,,,,
Lavapies-Embajadores,Fl25In1b,2,3280,3280,82000,82000,0.50,0.00,neighborhood,2021,M01,W01,,,,,,,,,,
Almendrales,Fl35In1bBj,2,2188,2188,74000,74000,1.00,0.00,neighborhood,2021,M01,W01,,,,,,,,,,
Ambroz,Fl55In1b,2,1754,1754,100000,100000,3.00,0.00,neighborhood,2021,M01,W01,,,,,,,,,,
Los Carmenes,Fl35Ex1bBj,2,1900,1900,76000,76000,0.50,0.00,neighborhood,2021,M01,W01,,,,,,,,,,
Berruguete,Fl25In1b,2,3442,3442,89500,89500,1.00,0.00,neighborhood,2021,M01,W01,,,,,,,,,,
Abrantes,Fl45In1b,2,2103,2103,97445,97445,1.50,0.00,neighborhood,2021,M01,W01,,,,,,,,,,
San Diego,Fl65Ex1b,2,1464,1464,93500,93500,2.50,0.00,neighborhood,2021,M01,W01,,,,,,,,,,
San Diego,Fl55In1b,2,1749,1749,95250,95250,2.50,0.00,neighborhood,2021,M01,W01,,,,,,,,,,
San Diego,Fl55Ex1bBj,2,1494,1494,80450,80450,2.50,0.00,neighborhood,2021,M01,W01,,,,,,,,,,
Puerta Bonita,Fl55Ex1b,2,1763,1763,97000,97000,3.00,0.00,neighborhood,2021,M01,W01,,,,,,,,,,
San Diego,Fl45In1bBj,2,1952,1952,87850,87850,2.00,0.00,neighborhood,2021,M01,W01,,,,,,,,,,
San Diego,Fl45Ex1bBj,2,1745,1745,83500,83500,1.50,0.00,neighborhood,2021,M01,W01,,,,,,,,,,
Aluche,Fl75Ex1b,2,1200,1200,90000,90000,2.50,0.00,neighborhood,2021,M01,W01,,,,,,,,,,
San Diego,Fl35Ex1bLf,2,2337,2337,93500,93500,1.00,0.00,neighborhood,2021,M01,W01,,,,,,,,,,
San Cristobal,Fl65In1b,2,1285,1285,84000,84000,3.00,0.00,neighborhood,2021,M01,W01,,,,,,,,,,
San Diego,Fl35Ex1b,2,2418,2418,91750,91750,1.50,0.00,neighborhood,2021,M01,W01,,,,,,,,,,
Numancia,Fl55Ex1bBj,2,1497,1497,84500,84500,2.00,0.00,neighborhood,2021,M01,W01,,,,,,,,,,
Numancia,Fl45Ex1b,2,1942,1942,86500,86500,1.50,0.00,neighborhood,2021,M01,W01,,,,,,,,,,
Ensanche de Vallecas - La Gavia,Fl55Ex1bLf,2,1765,1765,90000,90000,0.00,0.00,neighborhood,2021,M01,W01,,,,,,,,,,
Entrevias,Fl65Ex1bBj,2,1394,1394,94000,94000,2.50,0.00,neighborhood,2021,M01,W01,,,,,,,,,,
Casco Historico de Vallecas,Fl35Ex1bLfBj,2,2105,2105,80000,80000,1.00,0.00,neighborhood,2021,M01,W01,,,,,,,,,,
Portazgo,Fl45Ex1b,2,1762,1762,83500,83500,1.50,0.00,neighborhood,2021,M01,W01,,,,,,,,,,
Puerta Bonita,Fl55In1b,2,1670,1670,89500,89500,2.00,0.00,neighborhood,2021,M01,W01,,,,,,,,,,
Zofio,Fl55In1b,2,1768,1768,99000,99000,2.00,0.00,neighborhood,2021,M01,W01,,,,,,,,,,
Buena Vista,Fl55In1b,2,1731,1731,90000,90000,1.50,0.00,neighborhood,2021,M01,W01,,,,,,,,,,
Zofio,Fl55Ex1bBj,2,1562,1562,87500,87500,2.00,0.00,neighborhood,2021,M01,W01,,,,,,,,,,
Butarque,Fl55Ex1b,2,1660,1660,93000,93000,3.00,0.00,neighborhood,2021,M01,W01,,,,,,,,,,
Pradolongo,Fl55Ex1b,2,1661,1661,98000,98000,2.00,0.00,neighborhood,2021,M01,W01,,,,,,,,,,
Butarque,Fl65Ex1b,2,1347,1347,88250,88250,2.50,0.00,neighborhood,2021,M01,W01,,,,,,,,,,
Pradolongo,Fl35Ex1b,2,2931,2931,97950,97950,1.00,0.00,neighborhood,2021,M01,W01,,,,,,,,,,
Campamento,Fl65Ex1bLfBj,2,1523,1523,99000,99000,3.00,0.00,neighborhood,2021,M01,W01,,,,,,,,,,
Portazgo,Fl55Ex1b,2,1675,1675,95432,95432,2.00,0.00,neighborhood,2021,M01,W01,,,,,,,,,,
Numancia,Fl45Ex1bBj,2,1794,1794,85000,85000,1.50,0.00,neighborhood,2021,M01,W01,,,,,,,,,,
Pinar del Rey,Fl35Ex1bBj,2,2693,2693,99000,99000,0.50,0.00,neighborhood,2021,M01,W01,,,,,,,,,,
Puerta del Angel,Fl45Ex2bBj,1,1680,1680,84000,84000,2.00,0.00,neighborhood,2021,M01,W01,,,,,,,,,,
Puerta del Angel,Fl25In1bBj,1,3333,3333,100000,100000,1.00,0.00,neighborhood,2021,M01,W01,,,,,,,,,,
Puerta del Angel,Fl35Ex1b,1,3078,3078,98500,98500,1.00,0.00,neighborhood,2021,M01,W01,,,,,,,,,,
Puerta del Angel,Fl55Ex1b,1,1627,1627,96000,96000,2.00,0.00,neighborhood,2021,M01,W01,,,,,,,,,,
San Andres,Fl55In1b,1,1827,1827,95000,95000,1.00,0.00,neighborhood,2021,M01,W01,,,,,,,,,,
San Cristobal,Fl55In1bLf,1,1212,1212,70300,70300,1.00,0.00,neighborhood,2021,M01,W01,,,,,,,,,,
Aguilas,Fl45Ex1bBj,1,1750,1750,84000,84000,1.00,0.00,neighborhood,2021,M01,W01,,,,,,,,,,
San Cristobal,Fl65Ex1bBj,1,1327,1327,84900,84900,2.00,0.00,neighborhood,2021,M01,W01,,,,,,,,,,
Acacias,Fl15In1bLf,1,5500,5500,99000,99000,1.00,0.00,neighborhood,2021,M01,W01,,,,,,,,,,
San Andres,Fl65Ex1bLf,1,1383,1383,89900,89900,2.00,0.00,neighborhood,2021,M01,W01,,,,,,,,,,
Puerta del Angel,Fl65Ex1b,1,1143,1143,80000,80000,3.00,0.00,neighborhood,2021,M01,W01,,,,,,,,,,
Almendrales,Fl45In1b,1,2130,2130,98000,98000,2.00,0.00,neighborhood,2021,M01,W01,,,,,,,,,,
San Andres,Fl35In1b,1,2219,2219,71000,71000,0.00,0.00,neighborhood,2021,M01,W01,,,,,,,,,,
Puerta Bonita,Fl95Ex1b,1,900,900,90000,90000,3.00,0.00,neighborhood,2021,M01,W01,,,,,,,,,,
Puerta Bonita,Fl85Ex1b,1,1165,1165,99000,99000,3.00,0.00,neighborhood,2021,M01,W01,,,,,,,,,,
Abrantes,Fl75Ex1b,1,1113,1113,79000,79000,3.00,0.00,neighborhood,2021,M01,W01,,,,,,,,,,
Almendrales,Fl55Ex1b,1,1650,1650,99000,99000,2.00,0.00,neighborhood,2021,M01,W01,,,,,,,,,,
Aguilas,Fl55Ex1bLf,1,1542,1542,91000,91000,2.00,0.00,neighborhood,2021,M01,W01,,,,,,,,,,
Aguilas,Fl65Ex1bLf,1,1572,1572,95900,95900,2.00,0.00,neighborhood,2021,M01,W01,,,,,,,,,,
Puerta del Angel,Fl35Ex1bBj,1,2179,2179,85000,85000,1.00,0.00,neighborhood,2021,M01,W01,,,,,,,,,,
San Cristobal,Fl45In1bLf,1,1891,1891,81300,81300,1.00,0.00,neighborhood,2021,M01,W01,,,,,,,,,,
Almendrales,Fl45Ex1bBj,1,2314,2314,99500,99500,2.00,0.00,neighborhood,2021,M01,W01,,,,,,,,,,
San Andres,Fl65Ex1bLfBj,1,1397,1397,95000,95000,3.00,0.00,neighborhood,2021,M01,W01,,,,,,,,,,
Puerta del Angel,Fl45Ex1bLfBj,1,2111,2111,95000,95000,1.00,0.00,neighborhood,2021,M01,W01,,,,,,,,,,
Almendrales,Fl45Ex1bLfBj,1,2314,2314,99500,99500,2.00,0.00,neighborhood,2021,M01,W01,,,,,,,,,,
San Andres,Fl65In1bBj,1,1331,1331,81200,81200,2.00,0.00,neighborhood,2021,M01,W01,,,,,,,,,,
Puerta del Angel,Fl45Ex1bBj,1,1500,1500,75000,75000,2.00,0.00,neighborhood,2021,M01,W01,,,,,,,,,,
Puerta del Angel,Fl45Ex1b,1,2195,2195,90000,90000,3.00,0.00,neighborhood,2021,M01,W01,,,,,,,,,,
Almendrales,Fl55In1bBj,1,1904,1904,99000,99000,1.00,0.00,neighborhood,2021,M01,W01,,,,,,,,,,
Almendrales,Fl35In1b,1,2125,2125,85000,85000,1.00,0.00,neighborhood,2021,M01,W01,,,,,,,,,,
San Andres,Fl85Ex1b,1,1112,1112,99000,99000,2.00,0.00,neighborhood,2021,M01,W01,,,,,,,,,,
Almendrales,Fl55Ex1bBj,1,1514,1514,78750,78750,2.00,0.00,neighborhood,2021,M01,W01,,,,,,,,,,
San Cristobal,Fl35Ex1bBj,1,2139,2139,81300,81300,1.00,0.00,neighborhood,2021,M01,W01,,,,,,,,,,
San Cristobal,Fl75In1b,1,1128,1128,88000,88000,3.00,0.00,neighborhood,2021,M01,W01,,,,,,,,,,
San Andres,Fl55In1bLfBj,1,1158,1158,66000,66000,3.00,0.00,neighborhood,2021,M01,W01,,,,,,,,,,
San Cristobal,Fl45In1bBj,1,1891,1891,81300,81300,1.00,0.00,neighborhood,2021,M01,W01,,,,,,,,,,
San Andres,Fl45Ex1bLfBj,1,1771,1771,85000,85000,1.00,0.00,neighborhood,2021,M01,W01,,,,,,,,,,
Abrantes,Fl55Ex1b,1,1744,1744,95900,95900,3.00,0.00,neighborhood,2021,M01,W01,,,,,,,,,,
San Diego,Fl25Ex1bBj,1,3545,3545,78000,78000,1.00,0.00,neighborhood,2021,M01,W01,,,,,,,,,,
Vista Alegre,Fl45Ex1b,1,2262,2262,95000,95000,2.00,0.00,neighborhood,2021,M01,W01,,,,,,,,,,
Tres Olivos - Valverde,Fl55Ex1bBj,1,1727,1727,95000,95000,0.00,0.00,neighborhood,2021,M01,W01,,,,,,,,,,
Valdeacederas,Fl25In1bBj,1,4045,4045,89000,89000,0.00,0.00,neighborhood,2021,M01,W01,,,,,,,,,,
Valdeacederas,Fl35Ex1bBj,1,2450,2450,98000,98000,1.00,0.00,neighborhood,2021,M01,W01,,,,,,,,,,
Valdezarza,Fl35Ex1b,1,2543,2543,89000,89000,1.00,0.00,neighborhood,2021,M01,W01,,,,,,,,,,
Valdezarza,Fl55Ex1bLfBj,1,1364,1364,75000,75000,2.00,0.00,neighborhood,2021,M01,W01,,,,,,,,,,
Ventas,Fl25Ex1bBj,1,3300,3300,99000,99000,0.00,0.00,neighborhood,2021,M01,W01,,,,,,,,,,
Ventas,Fl25In1bLfBj,1,2467,2467,74000,74000,1.00,0.00,neighborhood,2021,M01,W01,,,,,,,,,,
Ventilla-Almenara,Fl45Ex1bLfBj,1,2379,2379,99900,99900,1.00,0.00,neighborhood,2021,M01,W01,,,,,,,,,,
Vista Alegre,Fl35Ex1bBj,1,2378,2378,88000,88000,1.00,0.00,neighborhood,2021,M01,W01,,,,,,,,,,
Vista Alegre,Fl35In1bBj,1,2854,2854,99900,99900,1.00,0.00,neighborhood,2021,M01,W01,,,,,,,,,,
Vista Alegre,Fl45Ex1bLfBj,1,2200,2200,99000,99000,1.00,0.00,neighborhood,2021,M01,W01,,,,,,,,,,
Simancas,Fl55Ex1b,1,1759,1759,95000,95000,2.00,0.00,neighborhood,2021,M01,W01,,,,,,,,,,
Vista Alegre,Fl45In1bBj,1,2200,2200,99000,99000,1.00,0.00,neighborhood,2021,M01,W01,,,,,,,,,,
Abrantes,Fl45Ex1bBj,1,2045,2045,90000,90000,1.00,0.00,neighborhood,2021,M01,W01,,,,,,,,,,
Vista Alegre,Fl65In1b,1,1202,1202,79358,79358,2.00,0.00,neighborhood,2021,M01,W01,,,,,,,,,,
Vista Alegre,Fl75Ex1b,1,1132,1132,84900,84900,2.00,0.00,neighborhood,2021,M01,W01,,,,,,,,,,
Vista Alegre,Fl85Ex1b,1,920,920,80000,80000,3.00,0.00,neighborhood,2021,M01,W01,,,,,,,,,,
Zofio,Fl45Ex1b,1,2000,2000,100000,100000,2.00,0.00,neighborhood,2021,M01,W01,,,,,,,,,,
Zofio,Fl45Ex1bBj,1,1605,1605,69000,69000,1.00,0.00,neighborhood,2021,M01,W01,,,,,,,,,,
Zofio,Fl55In1bBj,1,1464,1464,82000,82000,2.00,0.00,neighborhood,2021,M01,W01,,,,,,,,,,
Zofio,Fl65Ex1bBj,1,1476,1476,93000,93000,2.00,0.00,neighborhood,2021,M01,W01,,,,,,,,,,
Zofio,Fl65Ex1bLfBj,1,1474,1474,89900,89900,1.00,0.00,neighborhood,2021,M01,W01,,,,,,,,,,
Tres Olivos - Valverde,Fl35Ex1bBj,1,2143,2143,75000,75000,0.00,0.00,neighborhood,2021,M01,W01,,,,,,,,,,
Simancas,Fl45Ex1bLf,1,1860,1860,93000,93000,2.00,0.00,neighborhood,2021,M01,W01,,,,,,,,,,
San Diego,Fl25In1bBj,1,2496,2496,69900,69900,1.00,0.00,neighborhood,2021,M01,W01,,,,,,,,,,
San Diego,Fl75Ex1bBj,1,1219,1219,89000,89000,3.00,0.00,neighborhood,2021,M01,W01,,,,,,,,,,
San Diego,Fl35Ex1bBj,1,2368,2368,90000,90000,0.00,0.00,neighborhood,2021,M01,W01,,,,,,,,,,
San Diego,Fl35In1bLf,1,1947,1947,74000,74000,2.00,0.00,neighborhood,2021,M01,W01,,,,,,,,,,
Abrantes,Fl65Ex1bBj,1,1302,1302,82000,82000,3.00,0.00,neighborhood,2021,M01,W01,,,,,,,,,,
Abrantes,Fl55In1b,1,1743,1743,88900,88900,2.00,0.00,neighborhood,2021,M01,W01,,,,,,,,,,
Abrantes,Fl55Ex1bBj,1,1408,1408,84500,84500,2.00,0.00,neighborhood,2021,M01,W01,,,,,,,,,,
San Diego,Fl45In1bLf,1,2040,2040,89758,89758,1.00,0.00,neighborhood,2021,M01,W01,,,,,,,,,,
San Diego,Fl55In1bBj,1,1648,1648,89000,89000,2.00,0.00,neighborhood,2021,M01,W01,,,,,,,,,,
San Diego,Fl55In1bLfBj,1,1545,1545,85000,85000,2.00,0.00,neighborhood,2021,M01,W01,,,,,,,,,,
San Diego,Fl65Ex1bLf,1,1407,1407,95674,95674,3.00,0.00,neighborhood,2021,M01,W01,,,,,,,,,,
San Diego,Fl65In1b,1,1159,1159,80000,80000,2.00,0.00,neighborhood,2021,M01,W01,,,,,,,,,,
San Diego,Fl75Ex1bLfBj,1,1042,1042,75000,75000,2.00,0.00,neighborhood,2021,M01,W01,,,,,,,,,,
Simancas,Fl45Ex1bBj,1,1837,1837,89990,89990,2.00,0.00,neighborhood,2021,M01,W01,,,,,,,,,,
San Fermin,Fl55Ex1b,1,1696,1696,89900,89900,2.00,0.00,neighborhood,2021,M01,W01,,,,,,,,,,
San Fermin,Fl65Ex1bLf,1,1508,1508,95000,95000,2.00,0.00,neighborhood,2021,M01,W01,,,,,,,,,,
San Isidro,Fl25In1bBj,1,2650,2650,79500,79500,1.00,0.00,neighborhood,2021,M01,W01,,,,,,,,,,
San Isidro,Fl35Ex1b,1,2500,2500,99999,99999,1.00,0.00,neighborhood,2021,M01,W01,,,,,,,,,,
San Isidro,Fl35In1bLf,1,2105,2105,80000,80000,1.00,0.00,neighborhood,2021,M01,W01,,,,,,,,,,
San Isidro,Fl45In1bBj,1,2302,2302,99000,99000,1.00,0.00,neighborhood,2021,M01,W01,,,,,,,,,,
San Isidro,Fl65In1b,1,1304,1304,90000,90000,3.00,0.00,neighborhood,2021,M01,W01,,,,,,,,,,
San Isidro,Fl75In2bBj,1,1186,1186,94900,94900,3.00,0.00,neighborhood,2021,M01,W01,,,,,,,,,,
Simancas,Fl35Ex1bLfBj,1,2781,2781,89000,89000,1.00,0.00,neighborhood,2021,M01,W01,,,,,,,,,,
Simancas,Fl45Ex1b,1,2043,2043,89900,89900,1.00,0.00,neighborhood,2021,M01,W01,,,,,,,,,,
Puerta Bonita,Fl55Ex1bBj,1,1904,1904,99000,99000,2.00,0.00,neighborhood,2021,M01,W01,,,,,,,,,,
Portazgo,Fl55In1bLf,1,1923,1923,100000,100000,2.00,0.00,neighborhood,2021,M01,W01,,,,,,,,,,
Puerta Bonita,Fl45Ex1bBj,1,2000,2000,98000,98000,1.00,0.00,neighborhood,2021,M01,W01,,,,,,,,,,
Lavapies-Embajadores,Fl15Ex1bLf,1,4450,4450,89000,89000,1.00,0.00,neighborhood,2021,M01,W01,,,,,,,,,,
Ensanche de Vallecas - La Gavia,Fl55Ex2bLf,1,1707,1707,99000,99000,1.00,0.00,neighborhood,2021,M01,W01,,,,,,,,,,
Ensanche de Vallecas - La Gavia,Fl65Ex1bLf,1,1370,1370,95900,95900,1.00,0.00,neighborhood,2021,M01,W01,,,,,,,,,,
Amposta,Fl75Ex1b,1,1338,1338,95000,95000,3.00,0.00,neighborhood,2021,M01,W01,,,,,,,,,,
Entrevias,Fl55Ex1bLf,1,1636,1636,90000,90000,1.00,0.00,neighborhood,2021,M01,W01,,,,,,,,,,
Amposta,Fl55In1b,1,1564,1564,82900,82900,2.00,0.00,neighborhood,2021,M01,W01,,,,,,,,,,
Entrevias,Fl65Ex1bLf,1,1414,1414,99000,99000,3.00,0.00,neighborhood,2021,M01,W01,,,,,,,,,,
Amposta,Fl55Ex1bBj,1,1636,1636,90000,90000,2.00,0.00,neighborhood,2021,M01,W01,,,,,,,,,,
Amposta,Fl45In1b,1,2015,2015,82600,82600,2.00,0.00,neighborhood,2021,M01,W01,,,,,,,,,,
Amposta,Fl45Ex2bBj,1,1800,1800,90000,90000,2.00,0.00,neighborhood,2021,M01,W01,,,,,,,,,,
Hellin,Fl55Ex1bBj,1,1754,1754,100000,100000,3.00,0.00,neighborhood,2021,M01,W01,,,,,,,,,,
Hellin,Fl55In1b,1,1753,1753,99900,99900,3.00,0.00,neighborhood,2021,M01,W01,,,,,,,,,,
Lavapies-Embajadores,Fl25In1bBj,1,2983,2983,89500,89500,2.00,0.00,neighborhood,2021,M01,W01,,,,,,,,,,
Lucero,Fl35Ex1bLf,1,2595,2595,96000,96000,1.00,0.00,neighborhood,2021,M01,W01,,,,,,,,,,
Lavapies-Embajadores,Fl35In1bLfBj,1,3194,3194,99000,99000,1.00,0.00,neighborhood,2021,M01,W01,,,,,,,,,,
Lavapies-Embajadores,Fl75In1bLf,1,1254,1254,89000,89000,2.00,0.00,neighborhood,2021,M01,W01,,,,,,,,,,
Los Angeles,Fl55Ex1bBj,1,1664,1664,99840,99840,3.00,0.00,neighborhood,2021,M01,W01,,,,,,,,,,
Los Carmenes,Fl35Ex1bLf,1,2708,2708,97500,97500,0.00,0.00,neighborhood,2021,M01,W01,,,,,,,,,,
Los Carmenes,Fl45In1b,1,1951,1951,91700,91700,2.00,0.00,neighborhood,2021,M01,W01,,,,,,,,,,
Los Carmenes,Fl75Ex1bLf,1,1236,1236,89000,89000,2.00,0.00,neighborhood,2021,M01,W01,,,,,,,,,,
Los Rosales,Fl45In1b,1,1667,1667,80000,80000,2.00,0.00,neighborhood,2021,M01,W01,,,,,,,,,,
Ambroz,Fl55Ex1bBj,1,1509,1509,83000,83000,1.00,0.00,neighborhood,2021,M01,W01,,,,,,,,,,
Los Rosales,Fl55Ex1bBj,1,1567,1567,94000,94000,2.00,0.00,neighborhood,2021,M01,W01,,,,,,,,,,
Los Rosales,Fl55In1b,1,1150,1150,69000,69000,3.00,0.00,neighborhood,2021,M01,W01,,,,,,,,,,
Los Rosales,Fl65Ex1b,1,1523,1523,99000,99000,2.00,0.00,neighborhood,2021,M01,W01,,,,,,,,,,
Ensanche de Vallecas - La Gavia,Fl55Ex1bLfBj,1,1473,1473,82500,82500,0.00,0.00,neighborhood,2021,M01,W01,,,,,,,,,,
Bellas Vistas,Fl25In1b,1,3030,3030,90900,90900,1.00,0.00,neighborhood,2021,M01,W01,,,,,,,,,,
Delicias,Fl25In1b,1,3167,3167,95000,95000,1.00,0.00,neighborhood,2021,M01,W01,,,,,,,,,,
Comillas,Fl55Ex1bBj,1,1618,1618,89000,89000,2.00,0.00,neighborhood,2021,M01,W01,,,,,,,,,,
Berruguete,Fl55Ex1bBj,1,1466,1466,85000,85000,1.00,0.00,neighborhood,2021,M01,W01,,,,,,,,,,
Buena Vista,Fl25Ex1bBj,1,3312,3312,82800,82800,1.00,0.00,neighborhood,2021,M01,W01,,,,,,,,,,
Buena Vista,Fl25In1bBj,1,3312,3312,82800,82800,1.00,0.00,neighborhood,2021,M01,W01,,,,,,,,,,
Buena Vista,Fl45In1b,1,1900,1900,95000,95000,2.00,0.00,neighborhood,2021,M01,W01,,,,,,,,,,
Buena Vista,Fl65Ex1b,1,1586,1586,99900,99900,2.00,0.00,neighborhood,2021,M01,W01,,,,,,,,,,
Butarque,Fl45In1b,1,1644,1644,74000,74000,3.00,0.00,neighborhood,2021,M01,W01,,,,,,,,,,
Butarque,Fl55In1b,1,1571,1571,88000,88000,3.00,0.00,neighborhood,2021,M01,W01,,,,,,,,,,
Butarque,Fl65In1b,1,1426,1426,97000,97000,3.00,0.00,neighborhood,2021,M01,W01,,,,,,,,,,
Butarque,Fl95Ex1b,1,990,990,97000,97000,3.00,0.00,neighborhood,2021,M01,W01,,,,,,,,,,
Campamento,Fl65Ex1b,1,1284,1284,86000,86000,3.00,0.00,neighborhood,2021,M01,W01,,,,,,,,,,
Campamento,Fl65Ex1bBj,1,1477,1477,96000,96000,3.00,0.00,neighborhood,2021,M01,W01,,,,,,,,,,
Berruguete,Fl25Ex1bBj,1,3315,3315,89500,89500,1.00,0.00,neighborhood,2021,M01,W01,,,,,,,,,,
Bellas Vistas,Fl35In1bBj,1,2829,2829,99000,99000,1.00,0.00,neighborhood,2021,M01,W01,,,,,,,,,,
Casco Historico de Vallecas,Fl45Ex1bLf,1,2039,2039,99900,99900,1.00,0.00,neighborhood,2021,M01,W01,,,,,,,,,,
Casco Historico de Vallecas,Fl45Ex1bLfBj,1,2270,2270,99900,99900,1.00,0.00,neighborhood,2021,M01,W01,,,,,,,,,,
Casco Historico de Vallecas,Fl45In1b,1,1980,1980,99000,99000,2.00,0.00,neighborhood,2021,M01,W01,,,,,,,,,,
Bellas Vistas,Fl25In1bLfBj,1,3103,3103,90000,90000,0.00,0.00,neighborhood,2021,M01,W01,,,,,,,,,,
Casco Historico de Vallecas,Fl55Ex1bBj,1,1961,1961,100000,100000,3.00,0.00,neighborhood,2021,M01,W01,,,,,,,,,,
Casco Historico de Vallecas,Fl55Ex1bLf,1,1796,1796,97000,97000,1.00,0.00,neighborhood,2021,M01,W01,,,,,,,,,,
Casco Historico de Vallecas,Fl55In1b,1,1885,1885,98000,98000,2.00,0.00,neighborhood,2021,M01,W01,,,,,,,,,,
Casco Historico de Vallecas,Fl65In1bBj,1,1491,1491,99900,99900,2.00,0.00,neighborhood,2021,M01,W01,,,,,,,,,,
Chueca-Justicia,Fl15In1bLf,1,6667,6667,100000,100000,0.00,0.00,neighborhood,2021,M01,W01,,,,,,,,,,
Comillas,Fl35Ex1b,1,2775,2775,99900,99900,1.00,0.00,neighborhood,2021,M01,W01,,,,,,,,,,
Lucero,Fl25Ex1bBj,1,3167,3167,95000,95000,1.00,0.00,neighborhood,2021,M01,W01,,,,,,,,,,
Lucero,Fl45Ex1bBj,1,2321,2321,97500,97500,1.00,0.00,neighborhood,2021,M01,W01,,,,,,,,,,
Puerta Bonita,Fl35Ex1bBj,1,2909,2909,96000,96000,1.00,0.00,neighborhood,2021,M01,W01,,,,,,,,,,
Pilar,Fl25Ex1bLf,1,3827,3827,99500,99500,0.00,0.00,neighborhood,2021,M01,W01,,,,,,,,,,
Palomeras Bajas,Fl65Ex1bLf,1,1460,1460,92000,92000,3.00,0.00,neighborhood,2021,M01,W01,,,,,,,,,,
Palomeras Bajas,Fl75Ex1bBj,1,792,792,61000,61000,3.00,0.00,neighborhood,2021,M01,W01,,,,,,,,,,
Palomeras Bajas,Fl95In2bBj,1,957,957,91907,91907,1.00,0.00,neighborhood,2021,M01,W01,,,,,,,,,,
Palomeras sureste,Fl25Ex1b,1,2160,2160,64800,64800,1.00,0.00,neighborhood,2021,M01,W01,,,,,,,,,,
Palomeras sureste,Fl25Ex1bBj,1,2321,2321,65000,65000,0.00,0.00,neighborhood,2021,M01,W01,,,,,,,,,,
Palomeras sureste,Fl25In1b,1,2333,2333,70000,70000,1.00,0.00,neighborhood,2021,M01,W01,,,,,,,,,,
Palomeras sureste,Fl35Ex1bBj,1,1919,1919,71000,71000,1.00,0.00,neighborhood,2021,M01,W01,,,,,,,,,,
Aluche,Fl45In1bBj,1,1989,1989,89500,89500,2.00,0.00,neighborhood,2021,M01,W01,,,,,,,,,,
Palomeras sureste,Fl55Ex1bLf,1,1417,1417,85000,85000,2.00,0.00,neighborhood,2021,M01,W01,,,,,,,,,,
Palomeras sureste,Fl65In1b,1,1508,1508,98000,98000,3.00,0.00,neighborhood,2021,M01,W01,,,,,,,,,,
Palos de Moguer,Fl35In1b,1,2632,2632,100000,100000,0.00,0.00,neighborhood,2021,M01,W01,,,,,,,,,,
Pinar del Rey,Fl25Ex1bBj,1,3267,3267,98000,98000,0.00,0.00,neighborhood,2021,M01,W01,,,,,,,,,,
Lucero,Fl45In1b,1,2321,2321,97500,97500,1.00,0.00,neighborhood,2021,M01,W01,,,,,,,,,,
Pinar del Rey,Fl35In1b,1,2474,2474,94000,94000,1.00,0.00,neighborhood,2021,M01,W01,,,,,,,,,,
Pinar del Rey,Fl35In1bBj,1,2474,2474,94000,94000,1.00,0.00,neighborhood,2021,M01,W01,,,,,,,,,,
Aluche,Fl45In1b,1,1989,1989,89500,89500,2.00,0.00,neighborhood,2021,M01,W01,,,,,,,,,,
Berruguete,Fl35Ex1bBj,1,2970,2970,98000,98000,1.00,0.00,neighborhood,2021,M01,W01,,,,,,,,,,
Portazgo,Fl65Ex1bLf,1,884,884,61000,61000,3.00,0.00,neighborhood,2021,M01,W01,,,,,,,,,,
Portazgo,Fl65In1bBj,1,1623,1623,99000,99000,2.00,0.00,neighborhood,2021,M01,W01,,,,,,,,,,
Pradolongo,Fl45Ex1b,1,2302,2302,99000,99000,2.00,0.00,neighborhood,2021,M01,W01,,,,,,,,,,
Pradolongo,Fl45Ex1bBj,1,2045,2045,90000,90000,2.00,0.00,neighborhood,2021,M01,W01,,,,,,,,,,
Pradolongo,Fl65Ex1b,1,1219,1219,78000,78000,2.00,0.00,neighborhood,2021,M01,W01,,,,,,,,,,
Pradolongo,Fl75Ex1bBj,1,920,920,69000,69000,2.00,0.00,neighborhood,2021,M01,W01,,,,,,,,,,
Pueblo Nuevo,Fl25Ex1bBj,1,3300,3300,99000,99000,1.00,0.00,neighborhood,2021,M01,W01,,,,,,,,,,
Palomeras Bajas,Fl65Ex1b,1,1613,1613,100000,100000,2.00,0.00,neighborhood,2021,M01,W01,,,,,,,,,,
Palomeras Bajas,Fl55In1b,1,1375,1375,77000,77000,3.00,0.00,neighborhood,2021,M01,W01,,,,,,,,,,
12 de Octubre-Orcasur,Fl45In1b,1,2143,2143,90000,90000,1.00,0.00,neighborhood,2021,M01,W01,,,,,,,,,,
Palomeras Bajas,Fl45In1b,1,1890,1890,94500,94500,2.00,0.00,neighborhood,2021,M01,W01,,,,,,,,,,
Lucero,Fl55In2b,1,1593,1593,94000,94000,1.00,0.00,neighborhood,2021,M01,W01,,,,,,,,,,
Malasa√±a-Universidad,Fl15Ex1bBj,1,4250,4250,85000,85000,0.00,0.00,neighborhood,2021,M01,W01,,,,,,,,,,
Moscardo,Fl45Ex1bLf,1,2302,2302,99000,99000,2.00,0.00,neighborhood,2021,M01,W01,,,,,,,,,,
Moscardo,Fl55Ex1b,1,1904,1904,99000,99000,2.00,0.00,neighborhood,2021,M01,W01,,,,,,,,,,
Numancia,Fl25In1bBj,1,2263,2263,67900,67900,1.00,0.00,neighborhood,2021,M01,W01,,,,,,,,,,
Ambroz,Fl55Ex1b,1,1754,1754,100000,100000,3.00,0.00,neighborhood,2021,M01,W01,,,,,,,,,,
Ambroz,Fl45Ex1b,1,2089,2089,94000,94000,1.00,0.00,neighborhood,2021,M01,W01,,,,,,,,,,
Numancia,Fl35In1b,1,1975,1975,79000,79000,1.00,0.00,neighborhood,2021,M01,W01,,,,,,,,,,
Numancia,Fl35In1bBj,1,2257,2257,79000,79000,1.00,0.00,neighborhood,2021,M01,W01,,,,,,,,,,
Numancia,Fl45In1bBj,1,2152,2152,99000,99000,2.00,0.00,neighborhood,2021,M01,W01,,,,,,,,,,
Aluche,Fl75In1b,1,1250,1250,90000,90000,2.00,0.00,neighborhood,2021,M01,W01,,,,,,,,,,
Numancia,Fl65Ex1bBj,1,1431,1431,93000,93000,1.00,0.00,neighborhood,2021,M01,W01,,,,,,,,,,
Numancia,Fl65In1bBj,1,1431,1431,93000,93000,2.00,0.00,neighborhood,2021,M01,W01,,,,,,,,,,
Numancia,Fl75In1b,1,1234,1234,95000,95000,3.00,0.00,neighborhood,2021,M01,W01,,,,,,,,,,
Pacifico,Fl35Ex1bLf,1,2611,2611,94000,94000,2.00,0.00,neighborhood,2021,M01,W01,,,,,,,,,,
Palacio,Fl15In1b,1,6714,6714,94000,94000,1.00,0.00,neighborhood,2021,M01,W01,,,,,,,,,,
Palacio,Fl15In1bBj,1,5263,5263,100000,100000,2.00,0.00,neighborhood,2021,M01,W01,,,,,,,,,,
Palacio,Fl15In2b,1,5000,5000,100000,100000,1.00,0.00,neighborhood,2021,M01,W01,,,,,,,,,,
Palacio,Fl25Ex1bBj,1,4500,4500,99000,99000,1.00,0.00,neighborhood,2021,M01,W01,,,,,,,,,,
Palomeras Bajas,Fl35Ex1bBj,1,1969,1969,63000,63000,2.00,0.00,neighborhood,2021,M01,W01,,,,,,,,,,
Palomeras Bajas,Fl35In1bBj,1,3000,3000,99000,99000,0.00,0.00,neighborhood,2021,M01,W01,,,,,,,,,,
Aluche,Fl65Ex1b,1,1357,1357,95000,95000,2.00,0.00,neighborhood,2021,M01,W01,,,,,,,,,,
Palomeras Bajas,Fl45Ex1bLfBj,1,1913,1913,88000,88000,0.00,0.00,neighborhood,2021,M01,W01,,,,,,,,,,
Zofio,Fl75Ex1b,1,958,958,68000,68000,2.00,0.00,neighborhood,2021,M01,W01,,,,,,,,,,
Madrid,,517,1700,1874,92480,90240,,0.00,municipality,2021,M01,W01,Madrid,0.00,0.00,0.00,0.00,0.00,0.00,0.00,0.00,517.00
Puente de Vallecas,Fl55Ex1b,29,1635,1642,93000,93038,2.00,0.00,district,2021,M01,W01,,,,,,,,0.00,0.00,29.00
Villaverde,Fl55Ex1b,28,1500,1482,85500,85256,2.00,0.00,district,2021,M01,W01,,,,,,,,0.00,0.00,28.00
Villaverde,Fl65Ex1b,27,1377,1370,89900,89720,3.00,0.00,district,2021,M01,W01,,,,,,,,0.00,0.00,27.00
San Blas,Fl55Ex1b,15,1737,1728,95000,94886,2.00,0.00,district,2021,M01,W01,,,,,,,,0.00,0.00,15.00
Puente de Vallecas,Fl45Ex1b,14,1865,1872,90450,87550,2.00,0.00,district,2021,M01,W01,,,,,,,,0.00,0.00,14.00
Puente de Vallecas,Fl65Ex1b,13,1403,1414,94000,92934,3.00,0.00,district,2021,M01,W01,,,,,,,,0.00,0.00,13.00
San Blas,Fl45Ex1b,12,1940,1924,95500,92575,2.00,0.00,district,2021,M01,W01,,,,,,,,0.00,0.00,12.00
Villaverde,Fl75Ex1b,9,1240,1197,93000,89448,3.00,0.00,district,2021,M01,W01,,,,,,,,0.00,0.00,9.00
Villaverde,Fl55Ex1bBj,8,1569,1533,88000,89855,2.00,0.00,district,2021,M01,W01,,,,,,,,0.00,0.00,8.00
Carabanchel,Fl55Ex1b,8,1778,1754,96000,96612,1.50,0.00,district,2021,M01,W01,,,,,,,,0.00,0.00,8.00
Carabanchel,Fl55In1b,8,1704,1655,89450,89101,2.00,0.00,district,2021,M01,W01,,,,,,,,0.00,0.00,8.00
Puente de Vallecas,Fl75Ex1b,8,1241,1251,96500,95000,3.00,0.00,district,2021,M01,W01,,,,,,,,0.00,0.00,8.00
Puente de Vallecas,Fl45Ex1bBj,8,1874,1789,89000,86812,2.00,0.00,district,2021,M01,W01,,,,,,,,0.00,0.00,8.00
Villaverde,Fl55In1b,7,1500,1442,88000,82428,3.00,0.00,district,2021,M01,W01,,,,,,,,0.00,0.00,7.00
Tetuan,Fl25In1bBj,7,3333,3554,91200,93385,1.00,0.00,district,2021,M01,W01,,,,,,,,0.00,0.00,7.00
Villaverde,Fl65Ex1bLf,7,1383,1326,89900,89780,3.00,0.00,district,2021,M01,W01,,,,,,,,0.00,0.00,7.00
Villa de Vallecas,Fl45Ex1bLf,6,1929,1962,96000,96150,1.00,0.00,district,2021,M01,W01,,,,,,,,0.00,0.00,6.00
Villaverde,Fl75In1b,6,1228,1236,94500,94500,3.00,0.00,district,2021,M01,W01,,,,,,,,0.00,0.00,6.00
Puente de Vallecas,Fl35Ex1bBj,6,2295,2249,85000,82416,1.00,0.00,district,2021,M01,W01,,,,,,,,0.00,0.00,6.00
Puente de Vallecas,Fl55In1b,5,1573,1599,89900,88780,2.00,0.00,district,2021,M01,W01,,,,,,,,0.00,0.00,5.00
Puente de Vallecas,Fl45In1b,5,1778,1747,80000,83179,2.00,0.00,district,2021,M01,W01,,,,,,,,0.00,0.00,5.00
Usera,Fl55Ex1b,5,1690,1714,98000,96780,2.00,0.00,district,2021,M01,W01,,,,,,,,0.00,0.00,5.00
Puente de Vallecas,Fl65In1b,5,1460,1434,93000,92600,2.00,0.00,district,2021,M01,W01,,,,,,,,0.00,0.00,5.00
Puente de Vallecas,Fl35Ex1b,5,2350,2346,87000,86700,1.00,0.00,district,2021,M01,W01,,,,,,,,0.00,0.00,5.00
Villaverde,Fl65In1b,5,1391,1326,89000,87363,3.00,0.00,district,2021,M01,W01,,,,,,,,0.00,0.00,5.00
Usera,Fl45Ex1b,5,2143,2146,90000,93800,1.00,0.00,district,2021,M01,W01,,,,,,,,0.00,0.00,5.00
Villa de Vallecas,Fl55Ex1b,5,1667,1679,99000,95300,2.00,0.00,district,2021,M01,W01,,,,,,,,0.00,0.00,5.00
Puente de Vallecas,Fl55Ex1bBj,4,1497,1495,80500,82475,2.00,0.00,district,2021,M01,W01,,,,,,,,0.00,0.00,4.00
Carabanchel,Fl35Ex1bBj,4,2337,2344,86500,84750,1.00,0.00,district,2021,M01,W01,,,,,,,,0.00,0.00,4.00
Centro,Fl15In1b,4,5333,5582,95999,96249,0.00,0.00,district,2021,M01,W01,,,,,,,,0.00,0.00,4.00
Carabanchel,Fl45Ex1b,4,2236,2239,99500,98500,1.50,0.00,district,2021,M01,W01,,,,,,,,0.00,0.00,4.00
Puente de Vallecas,Fl65Ex1bLf,4,1410,1291,93837,86918,3.00,0.00,district,2021,M01,W01,,,,,,,,0.00,0.00,4.00
Villaverde,Fl65Ex1bBj,4,1342,1349,86450,87775,2.00,0.00,district,2021,M01,W01,,,,,,,,0.00,0.00,4.00
San Blas,Fl45Ex1bBj,4,1920,1957,93000,93222,2.00,0.00,district,2021,M01,W01,,,,,,,,0.00,0.00,4.00
Usera,Fl55Ex1bBj,3,1514,1546,78750,84583,2.00,0.00,district,2021,M01,W01,,,,,,,,0.00,0.00,3.00
Villa de Vallecas,Fl45Ex1b,3,1900,1925,95000,95633,2.00,0.00,district,2021,M01,W01,,,,,,,,0.00,0.00,3.00
Villa de Vallecas,Fl55Ex1bLf,3,1765,1775,90000,92333,0.00,0.00,district,2021,M01,W01,,,,,,,,0.00,0.00,3.00
Latina,Fl45In1b,3,1989,2087,91700,92900,2.00,0.00,district,2021,M01,W01,,,,,,,,0.00,0.00,3.00
San Blas,Fl45In1b,3,2015,1998,94000,91866,2.00,0.00,district,2021,M01,W01,,,,,,,,0.00,0.00,3.00
Latina,Fl65Ex1b,3,1284,1261,86000,87000,3.00,0.00,district,2021,M01,W01,,,,,,,,0.00,0.00,3.00
Usera,Fl45Ex1bBj,3,2045,1988,90000,86166,2.00,0.00,district,2021,M01,W01,,,,,,,,0.00,0.00,3.00
Tetuan,Fl25In1b,3,3442,3304,89500,89966,1.00,0.00,district,2021,M01,W01,,,,,,,,0.00,0.00,3.00
Puente de Vallecas,Fl45Ex1bLf,3,2130,1889,98000,88333,1.00,0.00,district,2021,M01,W01,,,,,,,,0.00,0.00,3.00
Latina,Fl35In1b,3,3078,3122,98500,98833,2.00,0.00,district,2021,M01,W01,,,,,,,,0.00,0.00,3.00
Puente de Vallecas,Fl45In1bBj,3,1978,2019,89000,91566,2.00,0.00,district,2021,M01,W01,,,,,,,,0.00,0.00,3.00
Puente de Vallecas,Fl65Ex1bBj,3,1431,1406,94000,93666,2.00,0.00,district,2021,M01,W01,,,,,,,,0.00,0.00,3.00
Latina,Fl45Ex1bBj,3,1750,1857,84000,85500,1.00,0.00,district,2021,M01,W01,,,,,,,,0.00,0.00,3.00
Villa de Vallecas,Fl45Ex1bBj,3,1979,1886,95000,91666,2.00,0.00,district,2021,M01,W01,,,,,,,,0.00,0.00,3.00
Latina,Fl35Ex1bBj,3,1900,1993,76000,79000,1.00,0.00,district,2021,M01,W01,,,,,,,,0.00,0.00,3.00
Villaverde,Fl45Ex1b,3,1760,1801,88000,83500,1.00,0.00,district,2021,M01,W01,,,,,,,,0.00,0.00,3.00
Villa de Vallecas,Fl65Ex1b,3,1581,1492,98000,95933,3.00,0.00,district,2021,M01,W01,,,,,,,,0.00,0.00,3.00
Carabanchel,Fl45In1b,3,1957,2035,95890,96630,2.00,0.00,district,2021,M01,W01,,,,,,,,0.00,0.00,3.00
Carabanchel,Fl55Ex1bBj,3,1618,1643,89000,90833,2.00,0.00,district,2021,M01,W01,,,,,,,,0.00,0.00,3.00
Latina,Fl35Ex1bLf,2,2651,2651,96750,96750,0.50,0.00,district,2021,M01,W01,,,,,,,,0.00,0.00,2.00
Carabanchel,Fl65In1b,2,1253,1253,84679,84679,2.50,0.00,district,2021,M01,W01,,,,,,,,0.00,0.00,2.00
Centro,Fl25In1b,2,3280,3280,82000,82000,0.50,0.00,district,2021,M01,W01,,,,,,,,0.00,0.00,2.00
Villaverde,Fl55Ex1bLf,2,1623,1623,97400,97400,2.00,0.00,district,2021,M01,W01,,,,,,,,0.00,0.00,2.00
Puente de Vallecas,Fl55Ex1bLf,2,1526,1526,87500,87500,1.50,0.00,district,2021,M01,W01,,,,,,,,0.00,0.00,2.00
Villaverde,Fl55In1bBj,2,1585,1585,88000,88000,2.00,0.00,district,2021,M01,W01,,,,,,,,0.00,0.00,2.00
Usera,Fl55In1bBj,2,1684,1684,90500,90500,1.50,0.00,district,2021,M01,W01,,,,,,,,0.00,0.00,2.00
Usera,Fl55In1b,2,1768,1768,99000,99000,2.00,0.00,district,2021,M01,W01,,,,,,,,0.00,0.00,2.00
Carabanchel,Fl85Ex1b,2,1042,1042,89500,89500,3.00,0.00,district,2021,M01,W01,,,,,,,,0.00,0.00,2.00
Carabanchel,Fl75Ex1b,2,1122,1122,81950,81950,2.50,0.00,district,2021,M01,W01,,,,,,,,0.00,0.00,2.00
Puente de Vallecas,Fl65In1bBj,2,1527,1527,96000,96000,2.00,0.00,district,2021,M01,W01,,,,,,,,0.00,0.00,2.00
Usera,Fl45In1b,2,2136,2136,94000,94000,1.50,0.00,district,2021,M01,W01,,,,,,,,0.00,0.00,2.00
Puente de Vallecas,Fl75Ex1bBj,2,1005,1005,75000,75000,3.00,0.00,district,2021,M01,W01,,,,,,,,0.00,0.00,2.00
Villaverde,Fl45In1b,2,1655,1655,77000,77000,2.50,0.00,district,2021,M01,W01,,,,,,,,0.00,0.00,2.00
Puente de Vallecas,Fl85Ex2b,2,1113,1113,93520,93520,3.00,0.00,district,2021,M01,W01,,,,,,,,0.00,0.00,2.00
Carabanchel,Fl45In1bBj,2,2251,2251,99000,99000,1.00,0.00,district,2021,M01,W01,,,,,,,,0.00,0.00,2.00
Carabanchel,Fl45Ex1bBj,2,2022,2022,94000,94000,1.00,0.00,district,2021,M01,W01,,,,,,,,0.00,0.00,2.00
San Blas,Fl45Ex1bLfBj,2,2189,2189,94175,94175,1.50,0.00,district,2021,M01,W01,,,,,,,,0.00,0.00,2.00
Usera,Fl35In1bBj,2,2188,2188,74000,74000,1.00,0.00,district,2021,M01,W01,,,,,,,,0.00,0.00,2.00
Carabanchel,Fl35Ex1b,2,2637,2637,99949,99949,1.00,0.00,district,2021,M01,W01,,,,,,,,0.00,0.00,2.00
San Blas,Fl55Ex1bBj,2,1695,1695,95000,95000,2.50,0.00,district,2021,M01,W01,,,,,,,,0.00,0.00,2.00
San Blas,Fl55In1b,2,1658,1658,91400,91400,2.50,0.00,district,2021,M01,W01,,,,,,,,0.00,0.00,2.00
Usera,Fl35Ex1b,2,2931,2931,97950,97950,1.00,0.00,district,2021,M01,W01,,,,,,,,0.00,0.00,2.00
Carabanchel,Fl25In1bBj,2,2981,2981,81150,81150,1.00,0.00,district,2021,M01,W01,,,,,,,,0.00,0.00,2.00
Ciudad Lineal,Fl25Ex1bBj,2,3300,3300,99000,99000,0.50,0.00,district,2021,M01,W01,,,,,,,,0.00,0.00,2.00
Tetuan,Fl35Ex1bBj,2,2710,2710,98000,98000,1.00,0.00,district,2021,M01,W01,,,,,,,,0.00,0.00,2.00
Puente de Vallecas,Fl25Ex1bBj,2,2933,2933,71500,71500,0.50,0.00,district,2021,M01,W01,,,,,,,,0.00,0.00,2.00
Latina,Fl65Ex1bLfBj,2,1523,1523,99000,99000,3.00,0.00,district,2021,M01,W01,,,,,,,,0.00,0.00,2.00
Latina,Fl75Ex1b,2,1200,1200,90000,90000,2.50,0.00,district,2021,M01,W01,,,,,,,,0.00,0.00,2.00
Hortaleza,Fl35Ex1bBj,2,2693,2693,99000,99000,0.50,0.00,district,2021,M01,W01,,,,,,,,0.00,0.00,2.00
Puente de Vallecas,Fl35In1bBj,2,2628,2628,89000,89000,0.50,0.00,district,2021,M01,W01,,,,,,,,0.00,0.00,2.00
Villa de Vallecas,Fl35Ex1bLfBj,2,2105,2105,80000,80000,1.00,0.00,district,2021,M01,W01,,,,,,,,0.00,0.00,2.00
Puente de Vallecas,Fl35Ex1bLf,2,2337,2337,93500,93500,1.00,0.00,district,2021,M01,W01,,,,,,,,0.00,0.00,2.00
Vicalvaro,Fl55In1b,2,1754,1754,100000,100000,3.00,0.00,district,2021,M01,W01,,,,,,,,0.00,0.00,2.00
Puente de Vallecas,Fl25In1bBj,2,2379,2379,68900,68900,1.00,0.00,district,2021,M01,W01,,,,,,,,0.00,0.00,2.00
Villaverde,Fl65In1bBj,1,1331,1331,81200,81200,2.00,0.00,district,2021,M01,W01,,,,,,,,0.00,0.00,1.00
Villa de Vallecas,Fl65In1bBj,1,1491,1491,99900,99900,2.00,0.00,district,2021,M01,W01,,,,,,,,0.00,0.00,1.00
Villa de Vallecas,Fl45Ex1bLfBj,1,2270,2270,99900,99900,1.00,0.00,district,2021,M01,W01,,,,,,,,0.00,0.00,1.00
Villa de Vallecas,Fl45In1b,1,1980,1980,99000,99000,2.00,0.00,district,2021,M01,W01,,,,,,,,0.00,0.00,1.00
Villaverde,Fl45Ex1bLfBj,1,1771,1771,85000,85000,1.00,0.00,district,2021,M01,W01,,,,,,,,0.00,0.00,1.00
Villa de Vallecas,Fl65Ex1bLf,1,1370,1370,95900,95900,1.00,0.00,district,2021,M01,W01,,,,,,,,0.00,0.00,1.00
Villaverde,Fl35Ex1bBj,1,2139,2139,81300,81300,1.00,0.00,district,2021,M01,W01,,,,,,,,0.00,0.00,1.00
Villa de Vallecas,Fl55Ex1bBj,1,1961,1961,100000,100000,3.00,0.00,district,2021,M01,W01,,,,,,,,0.00,0.00,1.00
Villa de Vallecas,Fl55In1b,1,1885,1885,98000,98000,2.00,0.00,district,2021,M01,W01,,,,,,,,0.00,0.00,1.00
Usera,Fl35In1b,1,2125,2125,85000,85000,1.00,0.00,district,2021,M01,W01,,,,,,,,0.00,0.00,1.00
Villa de Vallecas,Fl55Ex2bLf,1,1707,1707,99000,99000,1.00,0.00,district,2021,M01,W01,,,,,,,,0.00,0.00,1.00
Villa de Vallecas,Fl55Ex1bLfBj,1,1473,1473,82500,82500,0.00,0.00,district,2021,M01,W01,,,,,,,,0.00,0.00,1.00
Villaverde,Fl85Ex1b,1,1112,1112,99000,99000,2.00,0.00,district,2021,M01,W01,,,,,,,,0.00,0.00,1.00
Tetuan,Fl55Ex1bBj,1,1466,1466,85000,85000,1.00,0.00,district,2021,M01,W01,,,,,,,,0.00,0.00,1.00
Tetuan,Fl45Ex1bLfBj,1,2379,2379,99900,99900,1.00,0.00,district,2021,M01,W01,,,,,,,,0.00,0.00,1.00
Villaverde,Fl65Ex1bLfBj,1,1397,1397,95000,95000,3.00,0.00,district,2021,M01,W01,,,,,,,,0.00,0.00,1.00
Usera,Fl45Ex1bLf,1,2302,2302,99000,99000,2.00,0.00,district,2021,M01,W01,,,,,,,,0.00,0.00,1.00
Usera,Fl45Ex1bLfBj,1,2314,2314,99500,99500,2.00,0.00,district,2021,M01,W01,,,,,,,,0.00,0.00,1.00
Usera,Fl65Ex1bLfBj,1,1474,1474,89900,89900,1.00,0.00,district,2021,M01,W01,,,,,,,,0.00,0.00,1.00
Vicalvaro,Fl55Ex1bBj,1,1509,1509,83000,83000,1.00,0.00,district,2021,M01,W01,,,,,,,,0.00,0.00,1.00
Vicalvaro,Fl55Ex1b,1,1754,1754,100000,100000,3.00,0.00,district,2021,M01,W01,,,,,,,,0.00,0.00,1.00
Vicalvaro,Fl45Ex1b,1,2089,2089,94000,94000,1.00,0.00,district,2021,M01,W01,,,,,,,,0.00,0.00,1.00
Villaverde,Fl55In1bLfBj,1,1158,1158,66000,66000,3.00,0.00,district,2021,M01,W01,,,,,,,,0.00,0.00,1.00
Villaverde,Fl55In1bLf,1,1212,1212,70300,70300,1.00,0.00,district,2021,M01,W01,,,,,,,,0.00,0.00,1.00
Usera,Fl75Ex1bBj,1,920,920,69000,69000,2.00,0.00,district,2021,M01,W01,,,,,,,,0.00,0.00,1.00
Usera,Fl65Ex1b,1,1219,1219,78000,78000,2.00,0.00,district,2021,M01,W01,,,,,,,,0.00,0.00,1.00
Villaverde,Fl35In1b,1,2219,2219,71000,71000,0.00,0.00,district,2021,M01,W01,,,,,,,,0.00,0.00,1.00
Usera,Fl75Ex1b,1,958,958,68000,68000,2.00,0.00,district,2021,M01,W01,,,,,,,,0.00,0.00,1.00
Villaverde,Fl45In1bLf,1,1891,1891,81300,81300,1.00,0.00,district,2021,M01,W01,,,,,,,,0.00,0.00,1.00
Villaverde,Fl45In1bBj,1,1891,1891,81300,81300,1.00,0.00,district,2021,M01,W01,,,,,,,,0.00,0.00,1.00
Usera,Fl65Ex1bLf,1,1508,1508,95000,95000,2.00,0.00,district,2021,M01,W01,,,,,,,,0.00,0.00,1.00
Usera,Fl65Ex1bBj,1,1476,1476,93000,93000,2.00,0.00,district,2021,M01,W01,,,,,,,,0.00,0.00,1.00
Arganzuela,Fl15In1bLf,1,5500,5500,99000,99000,1.00,0.00,district,2021,M01,W01,,,,,,,,0.00,0.00,1.00
Tetuan,Fl35In1bBj,1,2829,2829,99000,99000,1.00,0.00,district,2021,M01,W01,,,,,,,,0.00,0.00,1.00
Centro,Fl25Ex1bBj,1,4500,4500,99000,99000,1.00,0.00,district,2021,M01,W01,,,,,,,,0.00,0.00,1.00
Latina,Fl35Ex1b,1,3078,3078,98500,98500,1.00,0.00,district,2021,M01,W01,,,,,,,,0.00,0.00,1.00
Latina,Fl25In1bBj,1,3333,3333,100000,100000,1.00,0.00,district,2021,M01,W01,,,,,,,,0.00,0.00,1.00
Latina,Fl25Ex1bBj,1,3167,3167,95000,95000,1.00,0.00,district,2021,M01,W01,,,,,,,,0.00,0.00,1.00
Hortaleza,Fl35In1bBj,1,2474,2474,94000,94000,1.00,0.00,district,2021,M01,W01,,,,,,,,0.00,0.00,1.00
Hortaleza,Fl35In1b,1,2474,2474,94000,94000,1.00,0.00,district,2021,M01,W01,,,,,,,,0.00,0.00,1.00
Hortaleza,Fl25Ex1bBj,1,3267,3267,98000,98000,0.00,0.00,district,2021,M01,W01,,,,,,,,0.00,0.00,1.00
Fuencarral,Fl55Ex1bBj,1,1727,1727,95000,95000,0.00,0.00,district,2021,M01,W01,,,,,,,,0.00,0.00,1.00
Fuencarral,Fl35Ex1bBj,1,2143,2143,75000,75000,0.00,0.00,district,2021,M01,W01,,,,,,,,0.00,0.00,1.00
Fuencarral,Fl25Ex1bLf,1,3827,3827,99500,99500,0.00,0.00,district,2021,M01,W01,,,,,,,,0.00,0.00,1.00
Ciudad Lineal,Fl25In1bLfBj,1,2467,2467,74000,74000,1.00,0.00,district,2021,M01,W01,,,,,,,,0.00,0.00,1.00
Centro,Fl75In1bLf,1,1254,1254,89000,89000,2.00,0.00,district,2021,M01,W01,,,,,,,,0.00,0.00,1.00
Centro,Fl35In1bLfBj,1,3194,3194,99000,99000,1.00,0.00,district,2021,M01,W01,,,,,,,,0.00,0.00,1.00
Centro,Fl25In1bBj,1,2983,2983,89500,89500,2.00,0.00,district,2021,M01,W01,,,,,,,,0.00,0.00,1.00
Centro,Fl15In2b,1,5000,5000,100000,100000,1.00,0.00,district,2021,M01,W01,,,,,,,,0.00,0.00,1.00
Latina,Fl45Ex1bLfBj,1,2111,2111,95000,95000,1.00,0.00,district,2021,M01,W01,,,,,,,,0.00,0.00,1.00
Centro,Fl15In1bLf,1,6667,6667,100000,100000,0.00,0.00,district,2021,M01,W01,,,,,,,,0.00,0.00,1.00
Centro,Fl15In1bBj,1,5263,5263,100000,100000,2.00,0.00,district,2021,M01,W01,,,,,,,,0.00,0.00,1.00
Centro,Fl15Ex1bLf,1,4450,4450,89000,89000,1.00,0.00,district,2021,M01,W01,,,,,,,,0.00,0.00,1.00
Centro,Fl15Ex1bBj,1,4250,4250,85000,85000,0.00,0.00,district,2021,M01,W01,,,,,,,,0.00,0.00,1.00
Carabanchel,Fl95Ex1b,1,900,900,90000,90000,3.00,0.00,district,2021,M01,W01,,,,,,,,0.00,0.00,1.00
Carabanchel,Fl75In2bBj,1,1186,1186,94900,94900,3.00,0.00,district,2021,M01,W01,,,,,,,,0.00,0.00,1.00
Carabanchel,Fl65Ex1bBj,1,1302,1302,82000,82000,3.00,0.00,district,2021,M01,W01,,,,,,,,0.00,0.00,1.00
Carabanchel,Fl65Ex1b,1,1586,1586,99900,99900,2.00,0.00,district,2021,M01,W01,,,,,,,,0.00,0.00,1.00
Carabanchel,Fl45Ex1bLfBj,1,2200,2200,99000,99000,1.00,0.00,district,2021,M01,W01,,,,,,,,0.00,0.00,1.00
Carabanchel,Fl35In1bLf,1,2105,2105,80000,80000,1.00,0.00,district,2021,M01,W01,,,,,,,,0.00,0.00,1.00
Carabanchel,Fl35In1bBj,1,2854,2854,99900,99900,1.00,0.00,district,2021,M01,W01,,,,,,,,0.00,0.00,1.00
Carabanchel,Fl25Ex1bBj,1,3312,3312,82800,82800,1.00,0.00,district,2021,M01,W01,,,,,,,,0.00,0.00,1.00
Arganzuela,Fl35In1b,1,2632,2632,100000,100000,0.00,0.00,district,2021,M01,W01,,,,,,,,0.00,0.00,1.00
Latina,Fl45Ex1b,1,2195,2195,90000,90000,3.00,0.00,district,2021,M01,W01,,,,,,,,0.00,0.00,1.00
Latina,Fl45Ex2bBj,1,1680,1680,84000,84000,2.00,0.00,district,2021,M01,W01,,,,,,,,0.00,0.00,1.00
Tetuan,Fl25In1bLfBj,1,3103,3103,90000,90000,0.00,0.00,district,2021,M01,W01,,,,,,,,0.00,0.00,1.00
Puente de Vallecas,Fl45In1bLf,1,2040,2040,89758,89758,1.00,0.00,district,2021,M01,W01,,,,,,,,0.00,0.00,1.00
Tetuan,Fl25Ex1bBj,1,3315,3315,89500,89500,1.00,0.00,district,2021,M01,W01,,,,,,,,0.00,0.00,1.00
San Blas,Fl75Ex1b,1,1338,1338,95000,95000,3.00,0.00,district,2021,M01,W01,,,,,,,,0.00,0.00,1.00
San Blas,Fl45Ex2bBj,1,1800,1800,90000,90000,2.00,0.00,district,2021,M01,W01,,,,,,,,0.00,0.00,1.00
San Blas,Fl45Ex1bLf,1,1860,1860,93000,93000,2.00,0.00,district,2021,M01,W01,,,,,,,,0.00,0.00,1.00
San Blas,Fl35Ex1bLfBj,1,2781,2781,89000,89000,1.00,0.00,district,2021,M01,W01,,,,,,,,0.00,0.00,1.00
Retiro,Fl35Ex1bLf,1,2611,2611,94000,94000,2.00,0.00,district,2021,M01,W01,,,,,,,,0.00,0.00,1.00
Puente de Vallecas,Fl95In2bBj,1,957,957,91907,91907,1.00,0.00,district,2021,M01,W01,,,,,,,,0.00,0.00,1.00
Puente de Vallecas,Fl75In1b,1,1234,1234,95000,95000,3.00,0.00,district,2021,M01,W01,,,,,,,,0.00,0.00,1.00
Puente de Vallecas,Fl75Ex1bLfBj,1,1042,1042,75000,75000,2.00,0.00,district,2021,M01,W01,,,,,,,,0.00,0.00,1.00
Arganzuela,Fl25In1b,1,3167,3167,95000,95000,1.00,0.00,district,2021,M01,W01,,,,,,,,0.00,0.00,1.00
Puente de Vallecas,Fl55In1bLfBj,1,1545,1545,85000,85000,2.00,0.00,district,2021,M01,W01,,,,,,,,0.00,0.00,1.00
Puente de Vallecas,Fl55In1bLf,1,1923,1923,100000,100000,2.00,0.00,district,2021,M01,W01,,,,,,,,0.00,0.00,1.00
Puente de Vallecas,Fl55In1bBj,1,1648,1648,89000,89000,2.00,0.00,district,2021,M01,W01,,,,,,,,0.00,0.00,1.00
Puente de Vallecas,Fl45Ex1bLfBj,1,1913,1913,88000,88000,0.00,0.00,district,2021,M01,W01,,,,,,,,0.00,0.00,1.00
Latina,Fl45In1bBj,1,1989,1989,89500,89500,2.00,0.00,district,2021,M01,W01,,,,,,,,0.00,0.00,1.00
Puente de Vallecas,Fl35In1bLf,1,1947,1947,74000,74000,2.00,0.00,district,2021,M01,W01,,,,,,,,0.00,0.00,1.00
Puente de Vallecas,Fl35In1b,1,1975,1975,79000,79000,1.00,0.00,district,2021,M01,W01,,,,,,,,0.00,0.00,1.00
Puente de Vallecas,Fl25In1b,1,2333,2333,70000,70000,1.00,0.00,district,2021,M01,W01,,,,,,,,0.00,0.00,1.00
Puente de Vallecas,Fl25Ex1b,1,2160,2160,64800,64800,1.00,0.00,district,2021,M01,W01,,,,,,,,0.00,0.00,1.00
Moncloa,Fl55Ex1bLfBj,1,1364,1364,75000,75000,2.00,0.00,district,2021,M01,W01,,,,,,,,0.00,0.00,1.00
Moncloa,Fl35Ex1b,1,2543,2543,89000,89000,1.00,0.00,district,2021,M01,W01,,,,,,,,0.00,0.00,1.00
Latina,Fl75In1b,1,1250,1250,90000,90000,2.00,0.00,district,2021,M01,W01,,,,,,,,0.00,0.00,1.00
Latina,Fl75Ex1bLf,1,1236,1236,89000,89000,2.00,0.00,district,2021,M01,W01,,,,,,,,0.00,0.00,1.00
Latina,Fl65Ex1bLf,1,1572,1572,95900,95900,2.00,0.00,district,2021,M01,W01,,,,,,,,0.00,0.00,1.00
Latina,Fl65Ex1bBj,1,1477,1477,96000,96000,3.00,0.00,district,2021,M01,W01,,,,,,,,0.00,0.00,1.00
Latina,Fl55In2b,1,1593,1593,94000,94000,1.00,0.00,district,2021,M01,W01,,,,,,,,0.00,0.00,1.00
Latina,Fl55Ex1bLf,1,1542,1542,91000,91000,2.00,0.00,district,2021,M01,W01,,,,,,,,0.00,0.00,1.00
Latina,Fl55Ex1b,1,1627,1627,96000,96000,2.00,0.00,district,2021,M01,W01,,,,,,,,0.00,0.00,1.00
Villaverde,Fl95Ex1b,1,990,990,97000,97000,3.00,0.00,district,2021,M01,W01,,,,,,,,0.00,0.00,1.00
San Cristobal,Fl65Ex1b,16,1333,1350,89950,88668,3.00,0.00,neighborhood,2021,M01,W02,,,,,,,,,,
San Diego,Fl55Ex1b,12,1720,1681,91000,92661,2.00,0.00,neighborhood,2021,M01,W02,,,,,,,,,,
San Cristobal,Fl55Ex1b,12,1348,1381,80920,81713,3.00,0.00,neighborhood,2021,M01,W02,,,,,,,,,,
Entrevias,Fl65Ex1b,10,1396,1383,94000,91975,3.00,0.00,neighborhood,2021,M01,W02,,,,,,,,,,
Amposta,Fl55Ex1b,8,1817,1738,95000,93724,2.00,0.00,neighborhood,2021,M01,W02,,,,,,,,,,
San Diego,Fl45Ex1b,8,1832,1865,84500,85862,2.00,0.00,neighborhood,2021,M01,W02,,,,,,,,,,
San Andres,Fl65Ex1b,7,1427,1377,95000,91342,3.00,0.00,neighborhood,2021,M01,W02,,,,,,,,,,
San Cristobal,Fl65Ex1bLf,6,1334,1317,89950,89760,3.00,0.00,neighborhood,2021,M01,W02,,,,,,,,,,
San Andres,Fl55Ex1bBj,6,1518,1506,86500,87500,2.00,0.00,neighborhood,2021,M01,W02,,,,,,,,,,
Casco Historico de Vallecas,Fl55Ex1b,5,1650,1662,95000,94300,2.00,0.00,neighborhood,2021,M01,W02,,,,,,,,,,
Entrevias,Fl75Ex1b,5,1306,1275,94000,95100,3.00,0.00,neighborhood,2021,M01,W02,,,,,,,,,,
Ensanche de Vallecas - La Gavia,Fl45Ex1bLf,5,1920,1947,96000,95400,1.00,0.00,neighborhood,2021,M01,W02,,,,,,,,,,
Vista Alegre,Fl55Ex1b,5,1778,1752,96000,96600,1.00,0.00,neighborhood,2021,M01,W02,,,,,,,,,,
Amposta,Fl45Ex1b,5,1889,1864,89000,90600,2.00,0.00,neighborhood,2021,M01,W02,,,,,,,,,,
San Andres,Fl55Ex1b,5,1498,1481,86000,86178,2.00,0.00,neighborhood,2021,M01,W02,,,,,,,,,,
San Andres,Fl75In1b,5,1253,1258,95000,95800,3.00,0.00,neighborhood,2021,M01,W02,,,,,,,,,,
Los Rosales,Fl55Ex1b,5,1800,1732,95260,94252,2.00,0.00,neighborhood,2021,M01,W02,,,,,,,,,,
San Cristobal,Fl75Ex1b,4,1150,1134,86250,84372,3.00,0.00,neighborhood,2021,M01,W02,,,,,,,,,,
Portazgo,Fl45Ex1bBj,4,1920,1808,96000,89374,2.00,0.00,neighborhood,2021,M01,W02,,,,,,,,,,
San Diego,Fl45In1b,4,1743,1703,76750,77549,1.00,0.00,neighborhood,2021,M01,W02,,,,,,,,,,
San Diego,Fl45Ex1bLf,4,2085,1927,93879,88689,1.00,0.00,neighborhood,2021,M01,W02,,,,,,,,,,
San Cristobal,Fl55In1b,4,1388,1388,81250,81250,3.00,0.00,neighborhood,2021,M01,W02,,,,,,,,,,
Arcos,Fl55Ex1b,4,1664,1706,96000,95125,3.00,0.00,neighborhood,2021,M01,W02,,,,,,,,,,
Vista Alegre,Fl55In1b,4,1590,1591,88890,89197,2.00,0.00,neighborhood,2021,M01,W02,,,,,,,,,,
San Andres,Fl45Ex1b,3,1760,1763,88000,81833,2.00,0.00,neighborhood,2021,M01,W02,,,,,,,,,,
San Diego,Fl75Ex1b,3,1238,1209,99000,94833,2.00,0.00,neighborhood,2021,M01,W02,,,,,,,,,,
Berruguete,Fl25In1bBj,3,3145,3300,91200,92900,1.00,0.00,neighborhood,2021,M01,W02,,,,,,,,,,
Puerta del Angel,Fl35In1b,3,3078,3122,98500,98833,2.00,0.00,neighborhood,2021,M01,W02,,,,,,,,,,
Palomeras sureste,Fl55Ex1b,3,1652,1664,92500,94133,2.00,0.00,neighborhood,2021,M01,W02,,,,,,,,,,
Palomeras Bajas,Fl55Ex1b,3,1583,1614,95000,94000,2.00,0.00,neighborhood,2021,M01,W02,,,,,,,,,,
Abrantes,Fl45Ex1b,3,2222,2224,99000,99333,1.00,0.00,neighborhood,2021,M01,W02,,,,,,,,,,
Casco Historico de Vallecas,Fl45Ex1b,3,1900,1925,95000,95633,2.00,0.00,neighborhood,2021,M01,W02,,,,,,,,,,
Numancia,Fl45Ex1bBj,3,1889,1903,85000,85666,1.00,0.00,neighborhood,2021,M01,W02,,,,,,,,,,
Los Angeles,Fl55Ex1b,3,1491,1486,85000,83300,2.00,0.00,neighborhood,2021,M01,W02,,,,,,,,,,
Lavapies-Embajadores,Fl25In1b,3,3000,3181,89000,84500,1.00,0.00,neighborhood,2021,M01,W02,,,,,,,,,,
Hellin,Fl55Ex1b,3,1737,1754,99000,97666,2.00,0.00,neighborhood,2021,M01,W02,,,,,,,,,,
Hellin,Fl45Ex1b,3,2063,2008,99000,97666,2.00,0.00,neighborhood,2021,M01,W02,,,,,,,,,,
Entrevias,Fl55Ex1b,3,1550,1547,93000,92333,2.00,0.00,neighborhood,2021,M01,W02,,,,,,,,,,
12 de Octubre-Orcasur,Fl45Ex1b,3,2143,2143,90000,90000,1.00,0.00,neighborhood,2021,M01,W02,,,,,,,,,,
Bellas Vistas,Fl25In1bBj,3,3333,3644,98000,95333,2.00,0.00,neighborhood,2021,M01,W02,,,,,,,,,,
Amposta,Fl45Ex1bBj,3,2000,1997,94000,94300,2.00,0.00,neighborhood,2021,M01,W02,,,,,,,,,,
San Andres,Fl65In1b,3,1258,1297,79275,83697,3.00,0.00,neighborhood,2021,M01,W02,,,,,,,,,,
San Andres,Fl75Ex1b,3,1267,1275,95000,95666,3.00,0.00,neighborhood,2021,M01,W02,,,,,,,,,,
San Diego,Fl55In1bLfBj,3,1667,1626,90000,88333,1.00,0.00,neighborhood,2021,M01,W02,,,,,,,,,,
Numancia,Fl45Ex1b,2,1806,1806,85000,85000,1.50,0.00,neighborhood,2021,M01,W02,,,,,,,,,,
Numancia,Fl35Ex1bBj,2,2508,2508,95250,95250,0.50,0.00,neighborhood,2021,M01,W02,,,,,,,,,,
Numancia,Fl35Ex1b,2,2372,2372,82000,82000,1.50,0.00,neighborhood,2021,M01,W02,,,,,,,,,,
San Diego,Fl45Ex1bBj,2,1745,1745,83500,83500,1.50,0.00,neighborhood,2021,M01,W02,,,,,,,,,,
Moscardo,Fl55Ex1b,2,1739,1739,92000,92000,2.00,0.00,neighborhood,2021,M01,W02,,,,,,,,,,
Lucero,Fl45In1b,2,2321,2321,97500,97500,1.00,0.00,neighborhood,2021,M01,W02,,,,,,,,,,
Los Rosales,Fl55Ex1bBj,2,1639,1639,91500,91500,1.50,0.00,neighborhood,2021,M01,W02,,,,,,,,,,
San Diego,Fl45In1bBj,2,1952,1952,87850,87850,2.00,0.00,neighborhood,2021,M01,W02,,,,,,,,,,
Simancas,Fl45Ex1bLfBj,2,2189,2189,94175,94175,1.50,0.00,neighborhood,2021,M01,W02,,,,,,,,,,
Los Carmenes,Fl35Ex1bBj,2,1900,1900,76000,76000,0.50,0.00,neighborhood,2021,M01,W02,,,,,,,,,,
San Diego,Fl35Ex1b,2,2418,2418,91750,91750,1.50,0.00,neighborhood,2021,M01,W02,,,,,,,,,,
San Diego,Fl55Ex1bBj,2,1494,1494,80450,80450,2.50,0.00,neighborhood,2021,M01,W02,,,,,,,,,,
Lavapies-Embajadores,Fl15In1b,2,5141,5141,97499,97499,0.00,0.00,neighborhood,2021,M01,W02,,,,,,,,,,
San Diego,Fl55In1b,2,1749,1749,95250,95250,2.50,0.00,neighborhood,2021,M01,W02,,,,,,,,,,
Hellin,Fl45In1b,2,1990,1990,96500,96500,2.00,0.00,neighborhood,2021,M01,W02,,,,,,,,,,
Entrevias,Fl85Ex2b,2,1113,1113,93520,93520,3.00,0.00,neighborhood,2021,M01,W02,,,,,,,,,,
San Diego,Fl65Ex1b,2,1464,1464,93500,93500,2.50,0.00,neighborhood,2021,M01,W02,,,,,,,,,,
San Diego,Fl65Ex1bLf,2,1482,1482,95337,95337,3.00,0.00,neighborhood,2021,M01,W02,,,,,,,,,,
Simancas,Fl55Ex1b,2,1841,1841,97500,97500,2.00,0.00,neighborhood,2021,M01,W02,,,,,,,,,,
Numancia,Fl55Ex1bBj,2,1497,1497,84500,84500,2.00,0.00,neighborhood,2021,M01,W02,,,,,,,,,,
Numancia,Fl55Ex1b,2,1650,1650,99000,99000,2.50,0.00,neighborhood,2021,M01,W02,,,,,,,,,,
San Andres,Fl55In1bBj,2,1585,1585,88000,88000,2.00,0.00,neighborhood,2021,M01,W02,,,,,,,,,,
San Andres,Fl55Ex1bLf,2,1623,1623,97400,97400,2.00,0.00,neighborhood,2021,M01,W02,,,,,,,,,,
San Andres,Fl65Ex1bBj,2,1370,1370,92500,92500,2.00,0.00,neighborhood,2021,M01,W02,,,,,,,,,,
Zofio,Fl55In1b,2,1768,1768,99000,99000,2.00,0.00,neighborhood,2021,M01,W02,,,,,,,,,,
Zofio,Fl55Ex1bBj,2,1562,1562,87500,87500,2.00,0.00,neighborhood,2021,M01,W02,,,,,,,,,,
Puerta Bonita,Fl55In1b,2,1670,1670,89500,89500,2.00,0.00,neighborhood,2021,M01,W02,,,,,,,,,,
Puerta Bonita,Fl55Ex1b,2,1763,1763,97000,97000,3.00,0.00,neighborhood,2021,M01,W02,,,,,,,,,,
Pueblo Nuevo,Fl35Ex1bBj,2,2840,2840,98000,98000,1.00,0.00,neighborhood,2021,M01,W02,,,,,,,,,,
Pradolongo,Fl55Ex1b,2,1661,1661,98000,98000,2.00,0.00,neighborhood,2021,M01,W02,,,,,,,,,,
Pradolongo,Fl35Ex1b,2,2791,2791,93450,93450,1.00,0.00,neighborhood,2021,M01,W02,,,,,,,,,,
Portazgo,Fl55Ex1b,2,1675,1675,95432,95432,2.00,0.00,neighborhood,2021,M01,W02,,,,,,,,,,
Portazgo,Fl45Ex1b,2,1762,1762,83500,83500,1.50,0.00,neighborhood,2021,M01,W02,,,,,,,,,,
Pinar del Rey,Fl35Ex1bBj,2,2693,2693,99000,99000,0.50,0.00,neighborhood,2021,M01,W02,,,,,,,,,,
San Cristobal,Fl55In1bLf,2,1271,1271,71095,71095,2.00,0.00,neighborhood,2021,M01,W02,,,,,,,,,,
Palomeras sureste,Fl25Ex1bBj,2,2410,2410,70000,70000,0.00,0.00,neighborhood,2021,M01,W02,,,,,,,,,,
San Cristobal,Fl65In1b,2,1285,1285,84000,84000,3.00,0.00,neighborhood,2021,M01,W02,,,,,,,,,,
Numancia,Fl65In1b,2,1522,1522,96500,96500,2.00,0.00,neighborhood,2021,M01,W02,,,,,,,,,,
Numancia,Fl55Ex1bLf,2,1680,1680,99950,99950,2.00,0.00,neighborhood,2021,M01,W02,,,,,,,,,,
San Isidro,Fl35Ex1bBj,2,2046,2046,77500,77500,1.00,0.00,neighborhood,2021,M01,W02,,,,,,,,,,
Palomeras Bajas,Fl45Ex1b,2,1888,1888,93450,93450,2.00,0.00,neighborhood,2021,M01,W02,,,,,,,,,,
Almendrales,Fl35In1bBj,2,2188,2188,74000,74000,1.00,0.00,neighborhood,2021,M01,W02,,,,,,,,,,
Buena Vista,Fl55Ex1bBj,2,1665,1665,92999,92999,1.00,0.00,neighborhood,2021,M01,W02,,,,,,,,,,
Campamento,Fl65Ex1bLfBj,2,1523,1523,99000,99000,3.00,0.00,neighborhood,2021,M01,W02,,,,,,,,,,
Aluche,Fl65Ex1b,2,1345,1345,89950,89950,2.50,0.00,neighborhood,2021,M01,W02,,,,,,,,,,
Casco Historico de Vallecas,Fl55Ex1bBj,2,1714,1714,94000,94000,2.50,0.00,neighborhood,2021,M01,W02,,,,,,,,,,
Ambroz,Fl55Ex1b,2,1702,1702,99500,99500,3.00,0.00,neighborhood,2021,M01,W02,,,,,,,,,,
Ambroz,Fl55In1b,2,1754,1754,100000,100000,3.00,0.00,neighborhood,2021,M01,W02,,,,,,,,,,
Butarque,Fl65Ex1b,2,1347,1347,88250,88250,2.50,0.00,neighborhood,2021,M01,W02,,,,,,,,,,
Butarque,Fl55Ex1b,2,1660,1660,93000,93000,3.00,0.00,neighborhood,2021,M01,W02,,,,,,,,,,
Buena Vista,Fl55In1b,2,1731,1731,90000,90000,1.50,0.00,neighborhood,2021,M01,W02,,,,,,,,,,
Berruguete,Fl25In1b,2,3442,3442,89500,89500,1.00,0.00,neighborhood,2021,M01,W02,,,,,,,,,,
Casco Historico de Vallecas,Fl65Ex1b,2,1596,1596,98950,98950,3.00,0.00,neighborhood,2021,M01,W02,,,,,,,,,,
Almendrales,Fl55Ex1b,2,1702,1702,96000,96000,2.00,0.00,neighborhood,2021,M01,W02,,,,,,,,,,
Abrantes,Fl45In1b,2,2103,2103,97445,97445,1.50,0.00,neighborhood,2021,M01,W02,,,,,,,,,,
Ensanche de Vallecas - La Gavia,Fl55Ex1bLf,2,1765,1765,90000,90000,0.00,0.00,neighborhood,2021,M01,W02,,,,,,,,,,
Buena Vista,Fl25In1bBj,2,3189,3189,82800,82800,1.00,0.00,neighborhood,2021,M01,W02,,,,,,,,,,
San Diego,Fl25In1bBj,1,2496,2496,69900,69900,1.00,0.00,neighborhood,2021,M01,W02,,,,,,,,,,
Puerta del Angel,Fl55Ex1b,1,1627,1627,96000,96000,2.00,0.00,neighborhood,2021,M01,W02,,,,,,,,,,
San Cristobal,Fl65Ex1bBj,1,1327,1327,84900,84900,2.00,0.00,neighborhood,2021,M01,W02,,,,,,,,,,
Ambroz,Fl45Ex1b,1,2089,2089,94000,94000,1.00,0.00,neighborhood,2021,M01,W02,,,,,,,,,,
Aluche,Fl75In1b,1,1250,1250,90000,90000,2.00,0.00,neighborhood,2021,M01,W02,,,,,,,,,,
Aluche,Fl75Ex1b,1,1320,1320,99000,99000,2.00,0.00,neighborhood,2021,M01,W02,,,,,,,,,,
San Cristobal,Fl75In1b,1,1128,1128,88000,88000,3.00,0.00,neighborhood,2021,M01,W02,,,,,,,,,,
San Diego,Fl25Ex1bBj,1,3545,3545,78000,78000,1.00,0.00,neighborhood,2021,M01,W02,,,,,,,,,,
Puerta del Angel,Fl45Ex2bBj,1,1680,1680,84000,84000,1.00,0.00,neighborhood,2021,M01,W02,,,,,,,,,,
San Diego,Fl35Ex1bBj,1,2368,2368,90000,90000,0.00,0.00,neighborhood,2021,M01,W02,,,,,,,,,,
San Diego,Fl35Ex1bLf,1,2250,2250,90000,90000,1.00,0.00,neighborhood,2021,M01,W02,,,,,,,,,,
San Diego,Fl35Ex1bLfBj,1,2622,2622,97000,97000,0.00,0.00,neighborhood,2021,M01,W02,,,,,,,,,,
San Diego,Fl35In1bLf,1,1947,1947,74000,74000,2.00,0.00,neighborhood,2021,M01,W02,,,,,,,,,,
Puerta del Angel,Fl45Ex1bLfBj,1,2111,2111,95000,95000,1.00,0.00,neighborhood,2021,M01,W02,,,,,,,,,,
Aluche,Fl45In1bBj,1,1989,1989,89500,89500,2.00,0.00,neighborhood,2021,M01,W02,,,,,,,,,,
Aluche,Fl45In1b,1,1989,1989,89500,89500,2.00,0.00,neighborhood,2021,M01,W02,,,,,,,,,,
Almendrales,Fl55In1bBj,1,1904,1904,99000,99000,1.00,0.00,neighborhood,2021,M01,W02,,,,,,,,,,
Almendrales,Fl55Ex1bBj,1,1514,1514,78750,78750,2.00,0.00,neighborhood,2021,M01,W02,,,,,,,,,,
Ambroz,Fl55Ex1bBj,1,1509,1509,83000,83000,1.00,0.00,neighborhood,2021,M01,W02,,,,,,,,,,
San Andres,Fl45Ex1bLfBj,1,1771,1771,85000,85000,1.00,0.00,neighborhood,2021,M01,W02,,,,,,,,,,
Berruguete,Fl35Ex1bBj,1,2970,2970,98000,98000,1.00,0.00,neighborhood,2021,M01,W02,,,,,,,,,,
San Andres,Fl65Ex1bLfBj,1,1397,1397,95000,95000,3.00,0.00,neighborhood,2021,M01,W02,,,,,,,,,,
Berruguete,Fl55Ex1bBj,1,1466,1466,85000,85000,1.00,0.00,neighborhood,2021,M01,W02,,,,,,,,,,
Berruguete,Fl25Ex1bBj,1,3315,3315,89500,89500,1.00,0.00,neighborhood,2021,M01,W02,,,,,,,,,,
San Andres,Fl35In1b,1,2219,2219,71000,71000,0.00,0.00,neighborhood,2021,M01,W02,,,,,,,,,,
San Andres,Fl55In1b,1,1827,1827,95000,95000,1.00,0.00,neighborhood,2021,M01,W02,,,,,,,,,,
Bellas Vistas,Fl35In1bBj,1,2829,2829,99000,99000,1.00,0.00,neighborhood,2021,M01,W02,,,,,,,,,,
San Andres,Fl55In1bLfBj,1,1158,1158,66000,66000,3.00,0.00,neighborhood,2021,M01,W02,,,,,,,,,,
Bellas Vistas,Fl25In1bLfBj,1,3103,3103,90000,90000,0.00,0.00,neighborhood,2021,M01,W02,,,,,,,,,,
Bellas Vistas,Fl25In1b,1,3030,3030,90900,90900,1.00,0.00,neighborhood,2021,M01,W02,,,,,,,,,,
Puerta del Angel,Fl65Ex1b,1,1143,1143,80000,80000,3.00,0.00,neighborhood,2021,M01,W02,,,,,,,,,,
San Cristobal,Fl45In1bLf,1,1891,1891,81300,81300,1.00,0.00,neighborhood,2021,M01,W02,,,,,,,,,,
Amposta,Fl75Ex1b,1,1338,1338,95000,95000,3.00,0.00,neighborhood,2021,M01,W02,,,,,,,,,,
San Andres,Fl65In1bBj,1,1331,1331,81200,81200,2.00,0.00,neighborhood,2021,M01,W02,,,,,,,,,,
Amposta,Fl55In1b,1,1564,1564,82900,82900,2.00,0.00,neighborhood,2021,M01,W02,,,,,,,,,,
San Diego,Fl45In1bLf,1,2040,2040,89758,89758,1.00,0.00,neighborhood,2021,M01,W02,,,,,,,,,,
Amposta,Fl55Ex1bBj,1,1636,1636,90000,90000,2.00,0.00,neighborhood,2021,M01,W02,,,,,,,,,,
San Andres,Fl85Ex1b,1,1112,1112,99000,99000,2.00,0.00,neighborhood,2021,M01,W02,,,,,,,,,,
San Cristobal,Fl35Ex1bBj,1,2139,2139,81300,81300,1.00,0.00,neighborhood,2021,M01,W02,,,,,,,,,,
San Cristobal,Fl45In1bBj,1,1891,1891,81300,81300,1.00,0.00,neighborhood,2021,M01,W02,,,,,,,,,,
Amposta,Fl45Ex2bBj,1,1800,1800,90000,90000,2.00,0.00,neighborhood,2021,M01,W02,,,,,,,,,,
Ensanche de Vallecas - La Gavia,Fl65Ex1bLf,1,1370,1370,95900,95900,1.00,0.00,neighborhood,2021,M01,W02,,,,,,,,,,
Almendrales,Fl45In1b,1,2130,2130,98000,98000,2.00,0.00,neighborhood,2021,M01,W02,,,,,,,,,,
Almendrales,Fl45Ex1bBj,1,2314,2314,99500,99500,2.00,0.00,neighborhood,2021,M01,W02,,,,,,,,,,
Tres Olivos - Valverde,Fl35Ex1bBj,1,2143,2143,75000,75000,0.00,0.00,neighborhood,2021,M01,W02,,,,,,,,,,
Tres Olivos - Valverde,Fl55Ex1bBj,1,1727,1727,95000,95000,0.00,0.00,neighborhood,2021,M01,W02,,,,,,,,,,
Valdeacederas,Fl25In1bBj,1,4045,4045,89000,89000,0.00,0.00,neighborhood,2021,M01,W02,,,,,,,,,,
Valdeacederas,Fl35Ex1bBj,1,2450,2450,98000,98000,1.00,0.00,neighborhood,2021,M01,W02,,,,,,,,,,
Valdezarza,Fl35Ex1b,1,2543,2543,89000,89000,1.00,0.00,neighborhood,2021,M01,W02,,,,,,,,,,
Valdezarza,Fl55Ex1bLfBj,1,1364,1364,75000,75000,2.00,0.00,neighborhood,2021,M01,W02,,,,,,,,,,
Ventas,Fl25Ex1bBj,1,3300,3300,99000,99000,0.00,0.00,neighborhood,2021,M01,W02,,,,,,,,,,
Ventas,Fl25In1bLfBj,1,2467,2467,74000,74000,1.00,0.00,neighborhood,2021,M01,W02,,,,,,,,,,
Vista Alegre,Fl35Ex1bBj,1,2378,2378,88000,88000,1.00,0.00,neighborhood,2021,M01,W02,,,,,,,,,,
Vista Alegre,Fl35In1bBj,1,2854,2854,99900,99900,1.00,0.00,neighborhood,2021,M01,W02,,,,,,,,,,
Vista Alegre,Fl45Ex1b,1,2111,2111,95000,95000,2.00,0.00,neighborhood,2021,M01,W02,,,,,,,,,,
Vista Alegre,Fl45Ex1bLfBj,1,2200,2200,99000,99000,1.00,0.00,neighborhood,2021,M01,W02,,,,,,,,,,
Vista Alegre,Fl45In1bBj,1,2200,2200,99000,99000,1.00,0.00,neighborhood,2021,M01,W02,,,,,,,,,,
Abrantes,Fl55In1b,1,1743,1743,88900,88900,2.00,0.00,neighborhood,2021,M01,W02,,,,,,,,,,
Abrantes,Fl55Ex1bBj,1,1408,1408,84500,84500,2.00,0.00,neighborhood,2021,M01,W02,,,,,,,,,,
Vista Alegre,Fl65In1b,1,1202,1202,79358,79358,2.00,0.00,neighborhood,2021,M01,W02,,,,,,,,,,
Vista Alegre,Fl75Ex1b,1,1132,1132,84900,84900,2.00,0.00,neighborhood,2021,M01,W02,,,,,,,,,,
Vista Alegre,Fl85Ex1b,1,920,920,80000,80000,3.00,0.00,neighborhood,2021,M01,W02,,,,,,,,,,
Zofio,Fl45Ex1b,1,2000,2000,100000,100000,2.00,0.00,neighborhood,2021,M01,W02,,,,,,,,,,
Zofio,Fl45Ex1bBj,1,1605,1605,69000,69000,1.00,0.00,neighborhood,2021,M01,W02,,,,,,,,,,
Abrantes,Fl55Ex1b,1,1744,1744,95900,95900,3.00,0.00,neighborhood,2021,M01,W02,,,,,,,,,,
Zofio,Fl55In1bBj,1,1464,1464,82000,82000,2.00,0.00,neighborhood,2021,M01,W02,,,,,,,,,,
Zofio,Fl65Ex1bLfBj,1,1474,1474,89900,89900,1.00,0.00,neighborhood,2021,M01,W02,,,,,,,,,,
Abrantes,Fl65Ex1bBj,1,1302,1302,82000,82000,3.00,0.00,neighborhood,2021,M01,W02,,,,,,,,,,
Abrantes,Fl75Ex1b,1,1113,1113,79000,79000,3.00,0.00,neighborhood,2021,M01,W02,,,,,,,,,,
Simancas,Fl45Ex1bLf,1,1860,1860,93000,93000,2.00,0.00,neighborhood,2021,M01,W02,,,,,,,,,,
San Isidro,Fl25In1bBj,1,2467,2467,74000,74000,1.00,0.00,neighborhood,2021,M01,W02,,,,,,,,,,
Puerta del Angel,Fl45Ex1b,1,2195,2195,90000,90000,3.00,0.00,neighborhood,2021,M01,W02,,,,,,,,,,
San Diego,Fl55In1bBj,1,1648,1648,89000,89000,2.00,0.00,neighborhood,2021,M01,W02,,,,,,,,,,
Almendrales,Fl35In1b,1,2125,2125,85000,85000,1.00,0.00,neighborhood,2021,M01,W02,,,,,,,,,,
Aguilas,Fl65Ex1bLf,1,1572,1572,95900,95900,2.00,0.00,neighborhood,2021,M01,W02,,,,,,,,,,
Aguilas,Fl55Ex1bLf,1,1542,1542,91000,91000,2.00,0.00,neighborhood,2021,M01,W02,,,,,,,,,,
San Diego,Fl65In1b,1,1159,1159,80000,80000,2.00,0.00,neighborhood,2021,M01,W02,,,,,,,,,,
Aeropuerto,Fl75In1b,1,919,919,73500,73500,3.00,0.00,neighborhood,2021,M01,W02,,,,,,,,,,
San Diego,Fl75Ex1bBj,1,1219,1219,89000,89000,3.00,0.00,neighborhood,2021,M01,W02,,,,,,,,,,
San Diego,Fl75Ex1bLfBj,1,1042,1042,75000,75000,2.00,0.00,neighborhood,2021,M01,W02,,,,,,,,,,
San Fermin,Fl55Ex1b,1,1696,1696,89900,89900,2.00,0.00,neighborhood,2021,M01,W02,,,,,,,,,,
San Isidro,Fl35Ex1b,1,2500,2500,99999,99999,1.00,0.00,neighborhood,2021,M01,W02,,,,,,,,,,
Simancas,Fl45Ex1bBj,1,1837,1837,89990,89990,2.00,0.00,neighborhood,2021,M01,W02,,,,,,,,,,
Acacias,Fl15In1bLf,1,5500,5500,99000,99000,1.00,0.00,neighborhood,2021,M01,W02,,,,,,,,,,
San Isidro,Fl35In1bLf,1,2105,2105,80000,80000,1.00,0.00,neighborhood,2021,M01,W02,,,,,,,,,,
San Isidro,Fl45In1bBj,1,2302,2302,99000,99000,1.00,0.00,neighborhood,2021,M01,W02,,,,,,,,,,
San Isidro,Fl45In1bLf,1,2205,2205,97000,97000,2.00,0.00,neighborhood,2021,M01,W02,,,,,,,,,,
San Isidro,Fl55In1b,1,1725,1725,88000,88000,2.00,0.00,neighborhood,2021,M01,W02,,,,,,,,,,
San Isidro,Fl65In1b,1,1304,1304,90000,90000,3.00,0.00,neighborhood,2021,M01,W02,,,,,,,,,,
San Isidro,Fl75Ex1b,1,1394,1394,99000,99000,3.00,0.00,neighborhood,2021,M01,W02,,,,,,,,,,
San Isidro,Fl75In2bBj,1,1186,1186,94900,94900,3.00,0.00,neighborhood,2021,M01,W02,,,,,,,,,,
Simancas,Fl35Ex1bLfBj,1,2781,2781,89000,89000,1.00,0.00,neighborhood,2021,M01,W02,,,,,,,,,,
Simancas,Fl45Ex1b,1,2043,2043,89900,89900,1.00,0.00,neighborhood,2021,M01,W02,,,,,,,,,,
Puerta del Angel,Fl45Ex1bBj,1,1500,1500,75000,75000,2.00,0.00,neighborhood,2021,M01,W02,,,,,,,,,,
Puerta Bonita,Fl95Ex1b,1,900,900,90000,90000,3.00,0.00,neighborhood,2021,M01,W02,,,,,,,,,,
Buena Vista,Fl25Ex1bBj,1,3312,3312,82800,82800,1.00,0.00,neighborhood,2021,M01,W02,,,,,,,,,,
Moscardo,Fl45In1b,1,1889,1889,85000,85000,2.00,0.00,neighborhood,2021,M01,W02,,,,,,,,,,
Casco Historico de Vallecas,Fl55In1b,1,1885,1885,98000,98000,2.00,0.00,neighborhood,2021,M01,W02,,,,,,,,,,
Los Rosales,Fl55In1b,1,1150,1150,69000,69000,3.00,0.00,neighborhood,2021,M01,W02,,,,,,,,,,
Los Rosales,Fl65Ex1b,1,1523,1523,99000,99000,2.00,0.00,neighborhood,2021,M01,W02,,,,,,,,,,
Lucero,Fl25Ex1bBj,1,3167,3167,95000,95000,1.00,0.00,neighborhood,2021,M01,W02,,,,,,,,,,
Lucero,Fl35Ex1bLf,1,2595,2595,96000,96000,1.00,0.00,neighborhood,2021,M01,W02,,,,,,,,,,
Lucero,Fl45Ex1bBj,1,2321,2321,97500,97500,1.00,0.00,neighborhood,2021,M01,W02,,,,,,,,,,
Casco Historico de Vallecas,Fl55Ex1bLf,1,1796,1796,97000,97000,1.00,0.00,neighborhood,2021,M01,W02,,,,,,,,,,
Lucero,Fl55In2b,1,1593,1593,94000,94000,1.00,0.00,neighborhood,2021,M01,W02,,,,,,,,,,
Malasa√±a-Universidad,Fl15Ex1bBj,1,4250,4250,85000,85000,0.00,0.00,neighborhood,2021,M01,W02,,,,,,,,,,
Moscardo,Fl45Ex1bLf,1,2302,2302,99000,99000,2.00,0.00,neighborhood,2021,M01,W02,,,,,,,,,,
Moscardo,Fl55Ex1bLf,1,1809,1809,99500,99500,2.00,0.00,neighborhood,2021,M01,W02,,,,,,,,,,
Campamento,Fl65Ex1b,1,1284,1284,86000,86000,3.00,0.00,neighborhood,2021,M01,W02,,,,,,,,,,
Numancia,Fl25In1bBj,1,2263,2263,67900,67900,1.00,0.00,neighborhood,2021,M01,W02,,,,,,,,,,
Casco Historico de Vallecas,Fl45In1b,1,1980,1980,99000,99000,2.00,0.00,neighborhood,2021,M01,W02,,,,,,,,,,
Casco Historico de Vallecas,Fl45Ex1bLfBj,1,2270,2270,99900,99900,1.00,0.00,neighborhood,2021,M01,W02,,,,,,,,,,
Numancia,Fl35In1bBj,1,2257,2257,79000,79000,1.00,0.00,neighborhood,2021,M01,W02,,,,,,,,,,
Casco Historico de Vallecas,Fl45Ex1bLf,1,2039,2039,99900,99900,1.00,0.00,neighborhood,2021,M01,W02,,,,,,,,,,
Casco Historico de Vallecas,Fl45Ex1bBj,1,1979,1979,95000,95000,2.00,0.00,neighborhood,2021,M01,W02,,,,,,,,,,
Numancia,Fl45In1b,1,1527,1527,70250,70250,2.00,0.00,neighborhood,2021,M01,W02,,,,,,,,,,
Numancia,Fl45In1bBj,1,2152,2152,99000,99000,2.00,0.00,neighborhood,2021,M01,W02,,,,,,,,,,
Casco Historico de Vallecas,Fl35Ex1bLfBj,1,2105,2105,80000,80000,1.00,0.00,neighborhood,2021,M01,W02,,,,,,,,,,
Campamento,Fl65Ex1bBj,1,1477,1477,96000,96000,3.00,0.00,neighborhood,2021,M01,W02,,,,,,,,,,
Los Rosales,Fl45In1b,1,1667,1667,80000,80000,2.00,0.00,neighborhood,2021,M01,W02,,,,,,,,,,
Los Carmenes,Fl75Ex1bLf,1,1236,1236,89000,89000,2.00,0.00,neighborhood,2021,M01,W02,,,,,,,,,,
Los Carmenes,Fl45In1b,1,1951,1951,91700,91700,2.00,0.00,neighborhood,2021,M01,W02,,,,,,,,,,
Los Carmenes,Fl35Ex1bLf,1,2708,2708,97500,97500,0.00,0.00,neighborhood,2021,M01,W02,,,,,,,,,,
Ensanche de Vallecas - La Gavia,Fl55Ex2bLf,1,1707,1707,99000,99000,1.00,0.00,neighborhood,2021,M01,W02,,,,,,,,,,
Entrevias,Fl55Ex1bLf,1,1636,1636,90000,90000,1.00,0.00,neighborhood,2021,M01,W02,,,,,,,,,,
Ensanche de Vallecas - La Gavia,Fl55Ex1bLfBj,1,1473,1473,82500,82500,0.00,0.00,neighborhood,2021,M01,W02,,,,,,,,,,
Entrevias,Fl65Ex1bBj,1,1446,1446,94000,94000,2.00,0.00,neighborhood,2021,M01,W02,,,,,,,,,,
Entrevias,Fl65Ex1bLf,1,1414,1414,99000,99000,3.00,0.00,neighborhood,2021,M01,W02,,,,,,,,,,
Ensanche de Vallecas - La Gavia,Fl35Ex1bLf,1,2500,2500,100000,100000,1.00,0.00,neighborhood,2021,M01,W02,,,,,,,,,,
Fuente del Berro,Fl25Ex1bLf,1,4318,4318,95000,95000,0.00,0.00,neighborhood,2021,M01,W02,,,,,,,,,,
Delicias,Fl25In1b,1,3167,3167,95000,95000,1.00,0.00,neighborhood,2021,M01,W02,,,,,,,,,,
Comillas,Fl55Ex1bBj,1,1534,1534,89000,89000,2.00,0.00,neighborhood,2021,M01,W02,,,,,,,,,,
Comillas,Fl55Ex1b,1,1667,1667,100000,100000,2.00,0.00,neighborhood,2021,M01,W02,,,,,,,,,,
Hellin,Fl55Ex1bBj,1,1754,1754,100000,100000,3.00,0.00,neighborhood,2021,M01,W02,,,,,,,,,,
Hellin,Fl55In1b,1,1753,1753,99900,99900,3.00,0.00,neighborhood,2021,M01,W02,,,,,,,,,,
Lavapies-Embajadores,Fl15Ex1bLf,1,4450,4450,89000,89000,1.00,0.00,neighborhood,2021,M01,W02,,,,,,,,,,
Comillas,Fl35Ex1b,1,2775,2775,99900,99900,1.00,0.00,neighborhood,2021,M01,W02,,,,,,,,,,
Chueca-Justicia,Fl15In1bLf,1,6667,6667,100000,100000,0.00,0.00,neighborhood,2021,M01,W02,,,,,,,,,,
Lavapies-Embajadores,Fl25In1bBj,1,3000,3000,78000,78000,1.00,0.00,neighborhood,2021,M01,W02,,,,,,,,,,
Lavapies-Embajadores,Fl35In1bLfBj,1,3194,3194,99000,99000,1.00,0.00,neighborhood,2021,M01,W02,,,,,,,,,,
Lavapies-Embajadores,Fl75In1bLf,1,1254,1254,89000,89000,2.00,0.00,neighborhood,2021,M01,W02,,,,,,,,,,
Casco Historico de Vallecas,Fl75Ex1b,1,1284,1284,95000,95000,3.00,0.00,neighborhood,2021,M01,W02,,,,,,,,,,
Los Angeles,Fl55Ex1bBj,1,1664,1664,99840,99840,3.00,0.00,neighborhood,2021,M01,W02,,,,,,,,,,
Casco Historico de Vallecas,Fl65In1bBj,1,1491,1491,99900,99900,2.00,0.00,neighborhood,2021,M01,W02,,,,,,,,,,
Numancia,Fl55Ex1bLfBj,1,1633,1633,98000,98000,2.00,0.00,neighborhood,2021,M01,W02,,,,,,,,,,
Numancia,Fl65In1bBj,1,1431,1431,93000,93000,2.00,0.00,neighborhood,2021,M01,W02,,,,,,,,,,
Puerta del Angel,Fl35Ex1bBj,1,2179,2179,85000,85000,1.00,0.00,neighborhood,2021,M01,W02,,,,,,,,,,
Pradolongo,Fl45Ex1b,1,2302,2302,99000,99000,2.00,0.00,neighborhood,2021,M01,W02,,,,,,,,,,
Palos de Moguer,Fl35In1b,1,2632,2632,100000,100000,0.00,0.00,neighborhood,2021,M01,W02,,,,,,,,,,
Pilar,Fl25Ex1bLf,1,3827,3827,99500,99500,0.00,0.00,neighborhood,2021,M01,W02,,,,,,,,,,
Pinar del Rey,Fl25Ex1bBj,1,3267,3267,98000,98000,0.00,0.00,neighborhood,2021,M01,W02,,,,,,,,,,
Pinar del Rey,Fl35In1b,1,2474,2474,94000,94000,1.00,0.00,neighborhood,2021,M01,W02,,,,,,,,,,
Pinar del Rey,Fl35In1bBj,1,2474,2474,94000,94000,1.00,0.00,neighborhood,2021,M01,W02,,,,,,,,,,
Butarque,Fl55In1b,1,1571,1571,88000,88000,3.00,0.00,neighborhood,2021,M01,W02,,,,,,,,,,
Butarque,Fl45In1b,1,1644,1644,74000,74000,3.00,0.00,neighborhood,2021,M01,W02,,,,,,,,,,
Portazgo,Fl55In1bLf,1,1923,1923,100000,100000,2.00,0.00,neighborhood,2021,M01,W02,,,,,,,,,,
Portazgo,Fl65In1bBj,1,1623,1623,99000,99000,2.00,0.00,neighborhood,2021,M01,W02,,,,,,,,,,
Buena Vista,Fl65Ex1b,1,1586,1586,99900,99900,2.00,0.00,neighborhood,2021,M01,W02,,,,,,,,,,
Pradolongo,Fl45Ex1bBj,1,2045,2045,90000,90000,2.00,0.00,neighborhood,2021,M01,W02,,,,,,,,,,
Numancia,Fl75In1b,1,1234,1234,95000,95000,3.00,0.00,neighborhood,2021,M01,W02,,,,,,,,,,
Pradolongo,Fl55Ex1bBj,1,1317,1317,79000,79000,2.00,0.00,neighborhood,2021,M01,W02,,,,,,,,,,
Pradolongo,Fl65Ex1b,1,1219,1219,78000,78000,2.00,0.00,neighborhood,2021,M01,W02,,,,,,,,,,
Pueblo Nuevo,Fl25Ex1bBj,1,3300,3300,99000,99000,1.00,0.00,neighborhood,2021,M01,W02,,,,,,,,,,
Puerta Bonita,Fl35Ex1bBj,1,2909,2909,96000,96000,1.00,0.00,neighborhood,2021,M01,W02,,,,,,,,,,
Puerta Bonita,Fl45Ex1bBj,1,2000,2000,98000,98000,1.00,0.00,neighborhood,2021,M01,W02,,,,,,,,,,
Buena Vista,Fl45In1b,1,1900,1900,95000,95000,2.00,0.00,neighborhood,2021,M01,W02,,,,,,,,,,
Puerta Bonita,Fl55Ex1bBj,1,1904,1904,99000,99000,2.00,0.00,neighborhood,2021,M01,W02,,,,,,,,,,
Entrevias,Fl45In1b,1,2179,2179,91500,91500,1.00,0.00,neighborhood,2021,M01,W02,,,,,,,,,,
Puerta del Angel,Fl25In1bBj,1,3333,3333,100000,100000,1.00,0.00,neighborhood,2021,M01,W02,,,,,,,,,,
Puerta del Angel,Fl35Ex1b,1,3078,3078,98500,98500,1.00,0.00,neighborhood,2021,M01,W02,,,,,,,,,,
Palomeras sureste,Fl65In1b,1,1508,1508,98000,98000,3.00,0.00,neighborhood,2021,M01,W02,,,,,,,,,,
Palomeras sureste,Fl55In1b,1,1550,1550,89900,89900,2.00,0.00,neighborhood,2021,M01,W02,,,,,,,,,,
Palomeras sureste,Fl55Ex1bLf,1,1417,1417,85000,85000,2.00,0.00,neighborhood,2021,M01,W02,,,,,,,,,,
Butarque,Fl65In1b,1,1426,1426,97000,97000,3.00,0.00,neighborhood,2021,M01,W02,,,,,,,,,,
Pacifico,Fl35Ex1bLf,1,2611,2611,94000,94000,2.00,0.00,neighborhood,2021,M01,W02,,,,,,,,,,
Palacio,Fl15In1b,1,6714,6714,94000,94000,1.00,0.00,neighborhood,2021,M01,W02,,,,,,,,,,
Palacio,Fl15In1bBj,1,5263,5263,100000,100000,2.00,0.00,neighborhood,2021,M01,W02,,,,,,,,,,
Palacio,Fl25Ex1bBj,1,4500,4500,99000,99000,1.00,0.00,neighborhood,2021,M01,W02,,,,,,,,,,
Palomeras Bajas,Fl35Ex1bBj,1,1969,1969,63000,63000,2.00,0.00,neighborhood,2021,M01,W02,,,,,,,,,,
Palomeras Bajas,Fl35In1bBj,1,3000,3000,99000,99000,0.00,0.00,neighborhood,2021,M01,W02,,,,,,,,,,
12 de Octubre-Orcasur,Fl45In1b,1,2143,2143,90000,90000,1.00,0.00,neighborhood,2021,M01,W02,,,,,,,,,,
Palomeras Bajas,Fl45Ex1bLfBj,1,1913,1913,88000,88000,0.00,0.00,neighborhood,2021,M01,W02,,,,,,,,,,
Palomeras Bajas,Fl45Ex2b,1,1838,1838,91900,91900,1.00,0.00,neighborhood,2021,M01,W02,,,,,,,,,,
Palomeras Bajas,Fl45In1b,1,1890,1890,94500,94500,2.00,0.00,neighborhood,2021,M01,W02,,,,,,,,,,
Campamento,Fl55Ex1bBj,1,1667,1667,100000,100000,2.00,0.00,neighborhood,2021,M01,W02,,,,,,,,,,
Palomeras Bajas,Fl55In1b,1,1375,1375,77000,77000,3.00,0.00,neighborhood,2021,M01,W02,,,,,,,,,,
Palomeras Bajas,Fl65Ex1b,1,1613,1613,100000,100000,2.00,0.00,neighborhood,2021,M01,W02,,,,,,,,,,
Palomeras Bajas,Fl65Ex1bLf,1,1413,1413,89000,89000,3.00,0.00,neighborhood,2021,M01,W02,,,,,,,,,,
Palomeras Bajas,Fl65In1b,1,1154,1154,75000,75000,3.00,0.00,neighborhood,2021,M01,W02,,,,,,,,,,
Palomeras Bajas,Fl75Ex1bBj,1,792,792,61000,61000,3.00,0.00,neighborhood,2021,M01,W02,,,,,,,,,,
Palomeras Bajas,Fl95In2bBj,1,957,957,91907,91907,1.00,0.00,neighborhood,2021,M01,W02,,,,,,,,,,
Palomeras sureste,Fl25Ex1b,1,2160,2160,64800,64800,1.00,0.00,neighborhood,2021,M01,W02,,,,,,,,,,
Butarque,Fl95Ex1b,1,990,990,97000,97000,3.00,0.00,neighborhood,2021,M01,W02,,,,,,,,,,
Palomeras sureste,Fl25In1b,1,2333,2333,70000,70000,1.00,0.00,neighborhood,2021,M01,W02,,,,,,,,,,
Palomeras sureste,Fl35Ex1bBj,1,1919,1919,71000,71000,1.00,0.00,neighborhood,2021,M01,W02,,,,,,,,,,
Zofio,Fl75Ex1b,1,958,958,68000,68000,2.00,0.00,neighborhood,2021,M01,W02,,,,,,,,,,
Madrid,,523,1712,1877,92000,90304,,0.00,municipality,2021,M01,W02,Madrid,60.00,54.00,463.00,11.47,10.44,88.53,0.00,0.00,463.00
Villaverde,Fl55Ex1b,27,1500,1497,86000,85874,2.00,0.00,district,2021,M01,W02,,,,,,,,0.00,0.00,25.00
Villaverde,Fl65Ex1b,26,1367,1363,89950,89753,3.00,0.00,district,2021,M01,W02,,,,,,,,0.00,0.00,24.00
Puente de Vallecas,Fl55Ex1b,25,1652,1652,93000,93688,2.00,0.00,district,2021,M01,W02,,,,,,,,0.00,0.00,25.00
San Blas,Fl55Ex1b,17,1759,1745,95000,95194,2.00,0.00,district,2021,M01,W02,,,,,,,,0.00,0.00,15.00
Puente de Vallecas,Fl45Ex1b,14,1847,1845,89000,86485,2.00,0.00,district,2021,M01,W02,,,,,,,,0.00,0.00,12.00
Puente de Vallecas,Fl65Ex1b,13,1403,1413,94000,92826,3.00,0.00,district,2021,M01,W02,,,,,,,,0.00,0.00,13.00
Carabanchel,Fl55In1b,10,1701,1663,89450,89269,2.00,0.00,district,2021,M01,W02,,,,,,,,0.00,0.00,7.00
Villaverde,Fl55Ex1bBj,9,1571,1553,88000,89760,2.00,0.00,district,2021,M01,W02,,,,,,,,0.00,0.00,8.00
Carabanchel,Fl55Ex1b,9,1778,1744,96000,96988,2.00,0.00,district,2021,M01,W02,,,,,,,,0.00,0.00,8.00
San Blas,Fl45Ex1b,9,1920,1932,95000,92877,2.00,0.00,district,2021,M01,W02,,,,,,,,0.00,0.00,9.00
Puente de Vallecas,Fl45Ex1bBj,9,1889,1826,87000,86833,2.00,0.00,district,2021,M01,W02,,,,,,,,0.00,0.00,8.00
Puente de Vallecas,Fl75Ex1b,8,1241,1251,96500,95000,3.00,0.00,district,2021,M01,W02,,,,,,,,0.00,0.00,8.00
Tetuan,Fl25In1bBj,7,3333,3554,91200,93385,1.00,0.00,district,2021,M01,W02,,,,,,,,0.00,0.00,7.00
Villaverde,Fl75Ex1b,7,1253,1195,94000,89212,3.00,0.00,district,2021,M01,W02,,,,,,,,0.00,0.00,7.00
Villaverde,Fl55In1b,7,1500,1442,88000,82428,3.00,0.00,district,2021,M01,W02,,,,,,,,0.00,0.00,7.00
Usera,Fl55Ex1b,7,1690,1700,98000,94557,2.00,0.00,district,2021,M01,W02,,,,,,,,0.00,0.00,5.00
Puente de Vallecas,Fl45In1b,7,1778,1772,80000,80921,1.00,0.00,district,2021,M01,W02,,,,,,,,0.00,0.00,4.00
Villaverde,Fl65In1b,6,1324,1314,84137,86015,3.00,0.00,district,2021,M01,W02,,,,,,,,0.00,0.00,5.00
Villaverde,Fl65Ex1bLf,6,1334,1317,89950,89760,3.00,0.00,district,2021,M01,W02,,,,,,,,0.00,0.00,6.00
Villaverde,Fl75In1b,6,1228,1236,94500,94500,3.00,0.00,district,2021,M01,W02,,,,,,,,0.00,0.00,6.00
Villa de Vallecas,Fl45Ex1bLf,6,1929,1962,96000,96150,1.00,0.00,district,2021,M01,W02,,,,,,,,0.00,0.00,6.00
Puente de Vallecas,Fl35Ex1bBj,5,2368,2254,90000,82900,1.00,0.00,district,2021,M01,W02,,,,,,,,0.00,0.00,5.00
Carabanchel,Fl55Ex1bBj,5,1552,1635,89999,91699,2.00,0.00,district,2021,M01,W02,,,,,,,,0.00,0.00,2.00
Usera,Fl45Ex1b,5,2143,2146,90000,93800,1.00,0.00,district,2021,M01,W02,,,,,,,,0.00,0.00,5.00
Puente de Vallecas,Fl65In1b,5,1431,1373,93000,89200,3.00,0.00,district,2021,M01,W02,,,,,,,,0.00,0.00,4.00
Villa de Vallecas,Fl55Ex1b,5,1650,1662,95000,94300,2.00,0.00,district,2021,M01,W02,,,,,,,,0.00,0.00,4.00
Puente de Vallecas,Fl55Ex1bLf,4,1650,1603,94950,93725,2.00,0.00,district,2021,M01,W02,,,,,,,,0.00,0.00,2.00
Puente de Vallecas,Fl65Ex1bLf,4,1413,1447,95337,94668,3.00,0.00,district,2021,M01,W02,,,,,,,,0.00,0.00,3.00
Puente de Vallecas,Fl55Ex1bBj,4,1497,1495,80500,82475,2.00,0.00,district,2021,M01,W02,,,,,,,,0.00,0.00,4.00
Puente de Vallecas,Fl45Ex1bLf,4,2085,1927,93879,88689,1.00,0.00,district,2021,M01,W02,,,,,,,,0.00,0.00,3.00
Puente de Vallecas,Fl55In1b,4,1623,1605,92450,89350,2.50,0.00,district,2021,M01,W02,,,,,,,,0.00,0.00,4.00
Usera,Fl55Ex1bBj,4,1435,1489,78875,83187,2.00,0.00,district,2021,M01,W02,,,,,,,,0.00,0.00,3.00
Carabanchel,Fl45Ex1b,4,2211,2195,99000,98250,1.50,0.00,district,2021,M01,W02,,,,,,,,0.00,0.00,3.00
San Blas,Fl45Ex1bBj,4,1920,1957,93000,93222,2.00,0.00,district,2021,M01,W02,,,,,,,,0.00,0.00,4.00
Carabanchel,Fl35Ex1bBj,4,2337,2344,86500,84750,1.00,0.00,district,2021,M01,W02,,,,,,,,0.00,0.00,4.00
Puente de Vallecas,Fl35Ex1b,4,2418,2395,88250,86875,1.50,0.00,district,2021,M01,W02,,,,,,,,0.00,0.00,4.00
Latina,Fl65Ex1b,4,1285,1279,87950,86475,3.00,0.00,district,2021,M01,W02,,,,,,,,0.00,0.00,3.00
Latina,Fl45In1b,4,2155,2145,94600,94050,1.50,0.00,district,2021,M01,W02,,,,,,,,0.00,0.00,3.00
Latina,Fl35In1b,3,3078,3122,98500,98833,2.00,0.00,district,2021,M01,W02,,,,,,,,0.00,0.00,3.00
Puente de Vallecas,Fl45In1bBj,3,1978,2019,89000,91566,2.00,0.00,district,2021,M01,W02,,,,,,,,0.00,0.00,3.00
Latina,Fl35Ex1bBj,3,1900,1993,76000,79000,1.00,0.00,district,2021,M01,W02,,,,,,,,0.00,0.00,3.00
Villa de Vallecas,Fl45Ex1b,3,1900,1925,95000,95633,2.00,0.00,district,2021,M01,W02,,,,,,,,0.00,0.00,3.00
Villa de Vallecas,Fl55Ex1bLf,3,1765,1775,90000,92333,0.00,0.00,district,2021,M01,W02,,,,,,,,0.00,0.00,3.00
Usera,Fl45In1b,3,2130,2054,90000,91000,2.00,0.00,district,2021,M01,W02,,,,,,,,0.00,0.00,2.00
Centro,Fl25In1b,3,3000,3181,89000,84500,1.00,0.00,district,2021,M01,W02,,,,,,,,0.00,0.00,3.00
Usera,Fl45Ex1bBj,3,2045,1988,90000,86166,2.00,0.00,district,2021,M01,W02,,,,,,,,0.00,0.00,3.00
Centro,Fl15In1b,3,5333,5665,95999,96333,0.00,0.00,district,2021,M01,W02,,,,,,,,0.00,0.00,3.00
Carabanchel,Fl25In1bBj,3,3067,2948,82800,79866,1.00,0.00,district,2021,M01,W02,,,,,,,,0.00,0.00,2.00
Villaverde,Fl65Ex1bBj,3,1354,1355,88000,89966,2.00,0.00,district,2021,M01,W02,,,,,,,,0.00,0.00,3.00
Carabanchel,Fl45In1b,3,1957,2035,95890,96630,2.00,0.00,district,2021,M01,W02,,,,,,,,0.00,0.00,3.00
Tetuan,Fl25In1b,3,3442,3304,89500,89966,1.00,0.00,district,2021,M01,W02,,,,,,,,0.00,0.00,3.00
Carabanchel,Fl75Ex1b,3,1132,1213,84900,87633,3.00,0.00,district,2021,M01,W02,,,,,,,,0.00,0.00,2.00
Puente de Vallecas,Fl25Ex1bBj,3,2500,2788,75000,72666,0.00,0.00,district,2021,M01,W02,,,,,,,,0.00,0.00,2.00
Villaverde,Fl45Ex1b,3,1760,1763,88000,81833,2.00,0.00,district,2021,M01,W02,,,,,,,,0.00,0.00,2.00
Puente de Vallecas,Fl55In1bLfBj,3,1667,1626,90000,88333,1.00,0.00,district,2021,M01,W02,,,,,,,,0.00,0.00,1.00
Puente de Vallecas,Fl75Ex1bBj,2,1005,1005,75000,75000,3.00,0.00,district,2021,M01,W02,,,,,,,,0.00,0.00,2.00
Tetuan,Fl35Ex1bBj,2,2710,2710,98000,98000,1.00,0.00,district,2021,M01,W02,,,,,,,,0.00,0.00,2.00
Puente de Vallecas,Fl65In1bBj,2,1527,1527,96000,96000,2.00,0.00,district,2021,M01,W02,,,,,,,,0.00,0.00,2.00
Usera,Fl35In1bBj,2,2188,2188,74000,74000,1.00,0.00,district,2021,M01,W02,,,,,,,,0.00,0.00,2.00
Puente de Vallecas,Fl85Ex2b,2,1113,1113,93520,93520,3.00,0.00,district,2021,M01,W02,,,,,,,,0.00,0.00,2.00
Usera,Fl55In1bBj,2,1684,1684,90500,90500,1.50,0.00,district,2021,M01,W02,,,,,,,,0.00,0.00,2.00
San Blas,Fl45Ex1bLfBj,2,2189,2189,94175,94175,1.50,0.00,district,2021,M01,W02,,,,,,,,0.00,0.00,2.00
Usera,Fl35Ex1b,2,2791,2791,93450,93450,1.00,0.00,district,2021,M01,W02,,,,,,,,0.00,0.00,2.00
San Blas,Fl45In1b,2,1990,1990,96500,96500,2.00,0.00,district,2021,M01,W02,,,,,,,,0.00,0.00,2.00
Puente de Vallecas,Fl25In1bBj,2,2379,2379,68900,68900,1.00,0.00,district,2021,M01,W02,,,,,,,,0.00,0.00,2.00
Usera,Fl55In1b,2,1768,1768,99000,99000,2.00,0.00,district,2021,M01,W02,,,,,,,,0.00,0.00,2.00
Puente de Vallecas,Fl35In1bBj,2,2628,2628,89000,89000,0.50,0.00,district,2021,M01,W02,,,,,,,,0.00,0.00,2.00
San Blas,Fl55Ex1bBj,2,1695,1695,95000,95000,2.50,0.00,district,2021,M01,W02,,,,,,,,0.00,0.00,2.00
Latina,Fl35Ex1bLf,2,2651,2651,96750,96750,0.50,0.00,district,2021,M01,W02,,,,,,,,0.00,0.00,2.00
Hortaleza,Fl35Ex1bBj,2,2693,2693,99000,99000,0.50,0.00,district,2021,M01,W02,,,,,,,,0.00,0.00,2.00
Carabanchel,Fl65In1b,2,1253,1253,84679,84679,2.50,0.00,district,2021,M01,W02,,,,,,,,0.00,0.00,2.00
Villa de Vallecas,Fl65Ex1b,2,1596,1596,98950,98950,3.00,0.00,district,2021,M01,W02,,,,,,,,0.00,0.00,2.00
Villaverde,Fl55In1bLf,2,1271,1271,71095,71095,2.00,0.00,district,2021,M01,W02,,,,,,,,0.00,0.00,1.00
Villa de Vallecas,Fl55Ex1bBj,2,1714,1714,94000,94000,2.50,0.00,district,2021,M01,W02,,,,,,,,0.00,0.00,1.00
Latina,Fl45Ex1bBj,2,1910,1910,86250,86250,1.50,0.00,district,2021,M01,W02,,,,,,,,0.00,0.00,2.00
Villaverde,Fl55Ex1bLf,2,1623,1623,97400,97400,2.00,0.00,district,2021,M01,W02,,,,,,,,0.00,0.00,0.00
Carabanchel,Fl45In1bBj,2,2251,2251,99000,99000,1.00,0.00,district,2021,M01,W02,,,,,,,,0.00,0.00,2.00
San Blas,Fl55In1b,2,1658,1658,91400,91400,2.50,0.00,district,2021,M01,W02,,,,,,,,0.00,0.00,2.00
Villaverde,Fl55In1bBj,2,1585,1585,88000,88000,2.00,0.00,district,2021,M01,W02,,,,,,,,0.00,0.00,2.00
Ciudad Lineal,Fl35Ex1bBj,2,2840,2840,98000,98000,1.00,0.00,district,2021,M01,W02,,,,,,,,0.00,0.00,0.00
Carabanchel,Fl35Ex1b,2,2637,2637,99949,99949,1.00,0.00,district,2021,M01,W02,,,,,,,,0.00,0.00,2.00
Vicalvaro,Fl55In1b,2,1754,1754,100000,100000,3.00,0.00,district,2021,M01,W02,,,,,,,,0.00,0.00,2.00
Latina,Fl65Ex1bLfBj,2,1523,1523,99000,99000,3.00,0.00,district,2021,M01,W02,,,,,,,,0.00,0.00,2.00
Vicalvaro,Fl55Ex1b,2,1702,1702,99500,99500,3.00,0.00,district,2021,M01,W02,,,,,,,,0.00,0.00,1.00
Villaverde,Fl45In1b,2,1655,1655,77000,77000,2.50,0.00,district,2021,M01,W02,,,,,,,,0.00,0.00,2.00
Ciudad Lineal,Fl25Ex1bBj,2,3300,3300,99000,99000,0.50,0.00,district,2021,M01,W02,,,,,,,,0.00,0.00,2.00
Villaverde,Fl45In1bBj,1,1891,1891,81300,81300,1.00,0.00,district,2021,M01,W02,,,,,,,,0.00,0.00,1.00
Tetuan,Fl35In1bBj,1,2829,2829,99000,99000,1.00,0.00,district,2021,M01,W02,,,,,,,,0.00,0.00,1.00
Villaverde,Fl45In1bLf,1,1891,1891,81300,81300,1.00,0.00,district,2021,M01,W02,,,,,,,,0.00,0.00,1.00
Vicalvaro,Fl45Ex1b,1,2089,2089,94000,94000,1.00,0.00,district,2021,M01,W02,,,,,,,,0.00,0.00,1.00
Tetuan,Fl25In1bLfBj,1,3103,3103,90000,90000,0.00,0.00,district,2021,M01,W02,,,,,,,,0.00,0.00,1.00
Tetuan,Fl55Ex1bBj,1,1466,1466,85000,85000,1.00,0.00,district,2021,M01,W02,,,,,,,,0.00,0.00,1.00
Villaverde,Fl55In1bLfBj,1,1158,1158,66000,66000,3.00,0.00,district,2021,M01,W02,,,,,,,,0.00,0.00,1.00
Villaverde,Fl65Ex1bLfBj,1,1397,1397,95000,95000,3.00,0.00,district,2021,M01,W02,,,,,,,,0.00,0.00,1.00
Tetuan,Fl25Ex1bBj,1,3315,3315,89500,89500,1.00,0.00,district,2021,M01,W02,,,,,,,,0.00,0.00,1.00
San Blas,Fl75Ex1b,1,1338,1338,95000,95000,3.00,0.00,district,2021,M01,W02,,,,,,,,0.00,0.00,1.00
Villaverde,Fl65In1bBj,1,1331,1331,81200,81200,2.00,0.00,district,2021,M01,W02,,,,,,,,0.00,0.00,1.00
Villaverde,Fl85Ex1b,1,1112,1112,99000,99000,2.00,0.00,district,2021,M01,W02,,,,,,,,0.00,0.00,1.00
Villaverde,Fl45Ex1bLfBj,1,1771,1771,85000,85000,1.00,0.00,district,2021,M01,W02,,,,,,,,0.00,0.00,1.00
Villa de Vallecas,Fl75Ex1b,1,1284,1284,95000,95000,3.00,0.00,district,2021,M01,W02,,,,,,,,0.00,0.00,0.00
Villaverde,Fl35In1b,1,2219,2219,71000,71000,0.00,0.00,district,2021,M01,W02,,,,,,,,0.00,0.00,1.00
Villa de Vallecas,Fl45In1b,1,1980,1980,99000,99000,2.00,0.00,district,2021,M01,W02,,,,,,,,0.00,0.00,1.00
Usera,Fl65Ex1bLfBj,1,1474,1474,89900,89900,1.00,0.00,district,2021,M01,W02,,,,,,,,0.00,0.00,1.00
Usera,Fl65Ex1b,1,1219,1219,78000,78000,2.00,0.00,district,2021,M01,W02,,,,,,,,0.00,0.00,1.00
Vicalvaro,Fl55Ex1bBj,1,1509,1509,83000,83000,1.00,0.00,district,2021,M01,W02,,,,,,,,0.00,0.00,1.00
Villa de Vallecas,Fl35Ex1bLf,1,2500,2500,100000,100000,1.00,0.00,district,2021,M01,W02,,,,,,,,0.00,0.00,0.00
Villa de Vallecas,Fl35Ex1bLfBj,1,2105,2105,80000,80000,1.00,0.00,district,2021,M01,W02,,,,,,,,0.00,0.00,1.00
Usera,Fl55Ex1bLf,1,1809,1809,99500,99500,2.00,0.00,district,2021,M01,W02,,,,,,,,0.00,0.00,0.00
Villa de Vallecas,Fl45Ex1bLfBj,1,2270,2270,99900,99900,1.00,0.00,district,2021,M01,W02,,,,,,,,0.00,0.00,1.00
Villa de Vallecas,Fl55Ex1bLfBj,1,1473,1473,82500,82500,0.00,0.00,district,2021,M01,W02,,,,,,,,0.00,0.00,1.00
Villaverde,Fl35Ex1bBj,1,2139,2139,81300,81300,1.00,0.00,district,2021,M01,W02,,,,,,,,0.00,0.00,1.00
Usera,Fl45Ex1bLf,1,2302,2302,99000,99000,2.00,0.00,district,2021,M01,W02,,,,,,,,0.00,0.00,1.00
Villa de Vallecas,Fl55Ex2bLf,1,1707,1707,99000,99000,1.00,0.00,district,2021,M01,W02,,,,,,,,0.00,0.00,1.00
Villa de Vallecas,Fl55In1b,1,1885,1885,98000,98000,2.00,0.00,district,2021,M01,W02,,,,,,,,0.00,0.00,1.00
Villa de Vallecas,Fl65Ex1bLf,1,1370,1370,95900,95900,1.00,0.00,district,2021,M01,W02,,,,,,,,0.00,0.00,1.00
Villa de Vallecas,Fl65In1bBj,1,1491,1491,99900,99900,2.00,0.00,district,2021,M01,W02,,,,,,,,0.00,0.00,1.00
Usera,Fl75Ex1b,1,958,958,68000,68000,2.00,0.00,district,2021,M01,W02,,,,,,,,0.00,0.00,1.00
Usera,Fl35In1b,1,2125,2125,85000,85000,1.00,0.00,district,2021,M01,W02,,,,,,,,0.00,0.00,1.00
Villa de Vallecas,Fl45Ex1bBj,1,1979,1979,95000,95000,2.00,0.00,district,2021,M01,W02,,,,,,,,0.00,0.00,1.00
Arganzuela,Fl15In1bLf,1,5500,5500,99000,99000,1.00,0.00,district,2021,M01,W02,,,,,,,,0.00,0.00,1.00
San Blas,Fl45Ex2bBj,1,1800,1800,90000,90000,2.00,0.00,district,2021,M01,W02,,,,,,,,0.00,0.00,1.00
Fuencarral,Fl25Ex1bLf,1,3827,3827,99500,99500,0.00,0.00,district,2021,M01,W02,,,,,,,,0.00,0.00,1.00
Centro,Fl15In1bLf,1,6667,6667,100000,100000,0.00,0.00,district,2021,M01,W02,,,,,,,,0.00,0.00,1.00
Centro,Fl25Ex1bBj,1,4500,4500,99000,99000,1.00,0.00,district,2021,M01,W02,,,,,,,,0.00,0.00,1.00
Centro,Fl25In1bBj,1,3000,3000,78000,78000,1.00,0.00,district,2021,M01,W02,,,,,,,,0.00,0.00,0.00
Centro,Fl35In1bLfBj,1,3194,3194,99000,99000,1.00,0.00,district,2021,M01,W02,,,,,,,,0.00,0.00,1.00
Centro,Fl75In1bLf,1,1254,1254,89000,89000,2.00,0.00,district,2021,M01,W02,,,,,,,,0.00,0.00,1.00
Ciudad Lineal,Fl25In1bLfBj,1,2467,2467,74000,74000,1.00,0.00,district,2021,M01,W02,,,,,,,,0.00,0.00,1.00
Fuencarral,Fl35Ex1bBj,1,2143,2143,75000,75000,0.00,0.00,district,2021,M01,W02,,,,,,,,0.00,0.00,1.00
San Blas,Fl45Ex1bLf,1,1860,1860,93000,93000,2.00,0.00,district,2021,M01,W02,,,,,,,,0.00,0.00,1.00
Fuencarral,Fl55Ex1bBj,1,1727,1727,95000,95000,0.00,0.00,district,2021,M01,W02,,,,,,,,0.00,0.00,1.00
Hortaleza,Fl25Ex1bBj,1,3267,3267,98000,98000,0.00,0.00,district,2021,M01,W02,,,,,,,,0.00,0.00,1.00
Hortaleza,Fl35In1b,1,2474,2474,94000,94000,1.00,0.00,district,2021,M01,W02,,,,,,,,0.00,0.00,1.00
Hortaleza,Fl35In1bBj,1,2474,2474,94000,94000,1.00,0.00,district,2021,M01,W02,,,,,,,,0.00,0.00,1.00
Latina,Fl25Ex1bBj,1,3167,3167,95000,95000,1.00,0.00,district,2021,M01,W02,,,,,,,,0.00,0.00,1.00
Latina,Fl25In1bBj,1,3333,3333,100000,100000,1.00,0.00,district,2021,M01,W02,,,,,,,,0.00,0.00,1.00
Centro,Fl15In1bBj,1,5263,5263,100000,100000,2.00,0.00,district,2021,M01,W02,,,,,,,,0.00,0.00,1.00
Centro,Fl15Ex1bLf,1,4450,4450,89000,89000,1.00,0.00,district,2021,M01,W02,,,,,,,,0.00,0.00,1.00
Centro,Fl15Ex1bBj,1,4250,4250,85000,85000,0.00,0.00,district,2021,M01,W02,,,,,,,,0.00,0.00,1.00
Carabanchel,Fl95Ex1b,1,900,900,90000,90000,3.00,0.00,district,2021,M01,W02,,,,,,,,0.00,0.00,1.00
Carabanchel,Fl85Ex1b,1,920,920,80000,80000,3.00,0.00,district,2021,M01,W02,,,,,,,,0.00,0.00,1.00
Carabanchel,Fl75In2bBj,1,1186,1186,94900,94900,3.00,0.00,district,2021,M01,W02,,,,,,,,0.00,0.00,1.00
Carabanchel,Fl65Ex1bBj,1,1302,1302,82000,82000,3.00,0.00,district,2021,M01,W02,,,,,,,,0.00,0.00,1.00
Carabanchel,Fl65Ex1b,1,1586,1586,99900,99900,2.00,0.00,district,2021,M01,W02,,,,,,,,0.00,0.00,1.00
Carabanchel,Fl45In1bLf,1,2205,2205,97000,97000,2.00,0.00,district,2021,M01,W02,,,,,,,,0.00,0.00,0.00
Carabanchel,Fl45Ex1bLfBj,1,2200,2200,99000,99000,1.00,0.00,district,2021,M01,W02,,,,,,,,0.00,0.00,1.00
Carabanchel,Fl45Ex1bBj,1,2000,2000,98000,98000,1.00,0.00,district,2021,M01,W02,,,,,,,,0.00,0.00,1.00
Carabanchel,Fl35In1bLf,1,2105,2105,80000,80000,1.00,0.00,district,2021,M01,W02,,,,,,,,0.00,0.00,1.00
Carabanchel,Fl35In1bBj,1,2854,2854,99900,99900,1.00,0.00,district,2021,M01,W02,,,,,,,,0.00,0.00,1.00
Carabanchel,Fl25Ex1bBj,1,3312,3312,82800,82800,1.00,0.00,district,2021,M01,W02,,,,,,,,0.00,0.00,1.00
Barrio de Salamanca,Fl25Ex1bLf,1,4318,4318,95000,95000,0.00,0.00,district,2021,M01,W02,,,,,,,,0.00,0.00,0.00
Barajas,Fl75In1b,1,919,919,73500,73500,3.00,0.00,district,2021,M01,W02,,,,,,,,0.00,0.00,0.00
Arganzuela,Fl35In1b,1,2632,2632,100000,100000,0.00,0.00,district,2021,M01,W02,,,,,,,,0.00,0.00,1.00
Latina,Fl35Ex1b,1,3078,3078,98500,98500,1.00,0.00,district,2021,M01,W02,,,,,,,,0.00,0.00,1.00
Latina,Fl45Ex1b,1,2195,2195,90000,90000,3.00,0.00,district,2021,M01,W02,,,,,,,,0.00,0.00,1.00
Latina,Fl45Ex1bLfBj,1,2111,2111,95000,95000,1.00,0.00,district,2021,M01,W02,,,,,,,,0.00,0.00,1.00
Puente de Vallecas,Fl35Ex1bLfBj,1,2622,2622,97000,97000,0.00,0.00,district,2021,M01,W02,,,,,,,,0.00,0.00,0.00
San Blas,Fl35Ex1bLfBj,1,2781,2781,89000,89000,1.00,0.00,district,2021,M01,W02,,,,,,,,0.00,0.00,1.00
Retiro,Fl35Ex1bLf,1,2611,2611,94000,94000,2.00,0.00,district,2021,M01,W02,,,,,,,,0.00,0.00,1.00
Puente de Vallecas,Fl95In2bBj,1,957,957,91907,91907,1.00,0.00,district,2021,M01,W02,,,,,,,,0.00,0.00,1.00
Puente de Vallecas,Fl75In1b,1,1234,1234,95000,95000,3.00,0.00,district,2021,M01,W02,,,,,,,,0.00,0.00,1.00
Puente de Vallecas,Fl75Ex1bLfBj,1,1042,1042,75000,75000,2.00,0.00,district,2021,M01,W02,,,,,,,,0.00,0.00,1.00
Puente de Vallecas,Fl65Ex1bBj,1,1446,1446,94000,94000,2.00,0.00,district,2021,M01,W02,,,,,,,,0.00,0.00,1.00
Puente de Vallecas,Fl55In1bLf,1,1923,1923,100000,100000,2.00,0.00,district,2021,M01,W02,,,,,,,,0.00,0.00,1.00
Puente de Vallecas,Fl55In1bBj,1,1648,1648,89000,89000,2.00,0.00,district,2021,M01,W02,,,,,,,,0.00,0.00,1.00
Arganzuela,Fl25In1b,1,3167,3167,95000,95000,1.00,0.00,district,2021,M01,W02,,,,,,,,0.00,0.00,1.00
Puente de Vallecas,Fl55Ex1bLfBj,1,1633,1633,98000,98000,2.00,0.00,district,2021,M01,W02,,,,,,,,0.00,0.00,0.00
Puente de Vallecas,Fl45In1bLf,1,2040,2040,89758,89758,1.00,0.00,district,2021,M01,W02,,,,,,,,0.00,0.00,1.00
Puente de Vallecas,Fl45Ex2b,1,1838,1838,91900,91900,1.00,0.00,district,2021,M01,W02,,,,,,,,0.00,0.00,0.00
Puente de Vallecas,Fl45Ex1bLfBj,1,1913,1913,88000,88000,0.00,0.00,district,2021,M01,W02,,,,,,,,0.00,0.00,1.00
Puente de Vallecas,Fl35In1bLf,1,1947,1947,74000,74000,2.00,0.00,district,2021,M01,W02,,,,,,,,0.00,0.00,0.00
Puente de Vallecas,Fl35Ex1bLf,1,2250,2250,90000,90000,1.00,0.00,district,2021,M01,W02,,,,,,,,0.00,0.00,1.00
Latina,Fl45Ex2bBj,1,1680,1680,84000,84000,1.00,0.00,district,2021,M01,W02,,,,,,,,0.00,0.00,0.00
Puente de Vallecas,Fl25In1b,1,2333,2333,70000,70000,1.00,0.00,district,2021,M01,W02,,,,,,,,0.00,0.00,1.00
Puente de Vallecas,Fl25Ex1b,1,2160,2160,64800,64800,1.00,0.00,district,2021,M01,W02,,,,,,,,0.00,0.00,1.00
Moncloa,Fl55Ex1bLfBj,1,1364,1364,75000,75000,2.00,0.00,district,2021,M01,W02,,,,,,,,0.00,0.00,1.00
Moncloa,Fl35Ex1b,1,2543,2543,89000,89000,1.00,0.00,district,2021,M01,W02,,,,,,,,0.00,0.00,1.00
Latina,Fl75In1b,1,1250,1250,90000,90000,2.00,0.00,district,2021,M01,W02,,,,,,,,0.00,0.00,1.00
Latina,Fl75Ex1bLf,1,1236,1236,89000,89000,2.00,0.00,district,2021,M01,W02,,,,,,,,0.00,0.00,1.00
Latina,Fl75Ex1b,1,1320,1320,99000,99000,2.00,0.00,district,2021,M01,W02,,,,,,,,0.00,0.00,1.00
Latina,Fl65Ex1bLf,1,1572,1572,95900,95900,2.00,0.00,district,2021,M01,W02,,,,,,,,0.00,0.00,1.00
Latina,Fl65Ex1bBj,1,1477,1477,96000,96000,3.00,0.00,district,2021,M01,W02,,,,,,,,0.00,0.00,1.00
Latina,Fl55In2b,1,1593,1593,94000,94000,1.00,0.00,district,2021,M01,W02,,,,,,,,0.00,0.00,1.00
Latina,Fl55Ex1bLf,1,1542,1542,91000,91000,2.00,0.00,district,2021,M01,W02,,,,,,,,0.00,0.00,1.00
Latina,Fl55Ex1bBj,1,1667,1667,100000,100000,2.00,0.00,district,2021,M01,W02,,,,,,,,0.00,0.00,0.00
Latina,Fl55Ex1b,1,1627,1627,96000,96000,2.00,0.00,district,2021,M01,W02,,,,,,,,0.00,0.00,1.00
Latina,Fl45In1bBj,1,1989,1989,89500,89500,2.00,0.00,district,2021,M01,W02,,,,,,,,0.00,0.00,1.00
Villaverde,Fl95Ex1b,1,990,990,97000,97000,3.00,0.00,district,2021,M01,W02,,,,,,,,0.00,0.00,1.00
